-- phpMyAdmin SQL Dump
-- version 3.2.4
-- http://www.phpmyadmin.net
--
-- Vert: db10.subsys.no
-- Generert den: 15. Jun, 2010 22:43 PM
-- Tjenerversjon: 5.0.90
-- PHP-Versjon: 5.2.12

SET SQL_MODE="NO_AUTO_VALUE_ON_ZERO";


/*!40101 SET @OLD_CHARACTER_SET_CLIENT=@@CHARACTER_SET_CLIENT */;
/*!40101 SET @OLD_CHARACTER_SET_RESULTS=@@CHARACTER_SET_RESULTS */;
/*!40101 SET @OLD_COLLATION_CONNECTION=@@COLLATION_CONNECTION */;
/*!40101 SET NAMES utf8 */;

--
-- Database: `davidste_etc`
--

-- --------------------------------------------------------

--
-- Tabellstruktur for tabell `categories`
--

CREATE TABLE IF NOT EXISTS `categories` (
  `category_id` int(2) unsigned NOT NULL auto_increment,
  `name` varchar(20) NOT NULL,
  PRIMARY KEY  (`category_id`)
) ENGINE=MyISAM  DEFAULT CHARSET=utf8 AUTO_INCREMENT=10 ;

--
-- Dataark for tabell `categories`
--

INSERT INTO `categories` (`category_id`, `name`) VALUES
(1, 'Gatelys virker ikke'),
(2, 'Hull i veg'),
(3, 'Grafitti-Tagging'),
(4, 'Skilt-Trafikk'),
(5, 'Vann og avløp'),
(6, 'Park'),
(7, 'Renovasjon'),
(8, 'Friluft'),
(9, 'Annet');

-- --------------------------------------------------------

--
-- Tabellstruktur for tabell `postal_comments`
--

CREATE TABLE IF NOT EXISTS `postal_comments` (
  `comment_id` smallint(2) unsigned NOT NULL auto_increment,
  `comment` varchar(200) NOT NULL,
  PRIMARY KEY  (`comment_id`),
  UNIQUE KEY `comment` (`comment`)
) ENGINE=MyISAM  DEFAULT CHARSET=utf8 AUTO_INCREMENT=7 ;

--
-- Dataark for tabell `postal_comments`
--

INSERT INTO `postal_comments` (`comment_id`, `comment`) VALUES
(1, 'Firma med eget postnummer'),
(2, 'Flere bruksområder'),
(3, 'Gateadresser'),
(4, 'Postbokser'),
(5, 'Gateadresser og postbokser'),
(6, 'Servicebokser');

-- --------------------------------------------------------

--
-- Tabellstruktur for tabell `postal_county`
--

CREATE TABLE IF NOT EXISTS `postal_county` (
  `county_id` smallint(2) unsigned NOT NULL,
  `name` varchar(100) NOT NULL,
  UNIQUE KEY `county_id` (`county_id`)
) ENGINE=MyISAM DEFAULT CHARSET=utf8;

--
-- Dataark for tabell `postal_county`
--

INSERT INTO `postal_county` (`county_id`, `name`) VALUES
(1, 'Østfold'),
(2, 'Akershus'),
(3, 'Oslo'),
(4, 'Hedmark'),
(5, 'Oppland'),
(6, 'Buskerud'),
(7, 'Vestfold'),
(8, 'Telemark'),
(9, 'Aust-Agder'),
(10, 'Vest-Agder'),
(11, 'Rogaland'),
(12, 'Hordaland'),
(14, 'Sogn og Fjordane'),
(15, 'Møre og Romsdal'),
(16, 'Sør-Trøndelag'),
(17, 'Nord-Trøndelag'),
(18, 'Nordland'),
(19, 'Troms'),
(20, 'Finnmark'),
(21, 'Svalbard og Jan Mayen');

-- --------------------------------------------------------

--
-- Tabellstruktur for tabell `postal_municipal`
--

CREATE TABLE IF NOT EXISTS `postal_municipal` (
  `id` smallint(4) unsigned zerofill NOT NULL,
  `county_id` smallint(2) unsigned NOT NULL,
  `name` varchar(100) NOT NULL
) ENGINE=MyISAM DEFAULT CHARSET=utf8;

--
-- Dataark for tabell `postal_municipal`
--

INSERT INTO `postal_municipal` (`id`, `county_id`, `name`) VALUES
(0101, 1, 'Halden'),
(0104, 1, 'Moss'),
(0105, 1, 'Sarpsborg'),
(0106, 1, 'Fredrikstad'),
(0111, 1, 'Hvaler'),
(0118, 1, 'Aremark'),
(0119, 1, 'Marker'),
(0121, 1, 'Rømskog'),
(0122, 1, 'Trøgstad'),
(0123, 1, 'Spydeberg'),
(0124, 1, 'Askim'),
(0125, 1, 'Eidsberg'),
(0127, 1, 'Skiptvet'),
(0128, 1, 'Rakkestad'),
(0135, 1, 'Råde'),
(0136, 1, 'Rygge'),
(0137, 1, 'Våler'),
(0138, 1, 'Hobøl'),
(0211, 2, 'Vestby'),
(0213, 2, 'Ski'),
(0214, 2, 'Ås'),
(0215, 2, 'Frogn'),
(0216, 2, 'Nesodden'),
(0217, 2, 'Oppegård'),
(0219, 2, 'Bærum'),
(0220, 2, 'Asker'),
(0221, 2, 'Aurskog-Høland'),
(0226, 2, 'Sørum'),
(0227, 2, 'Fet'),
(0228, 2, 'Rælingen'),
(0229, 2, 'Enebakk'),
(0230, 2, 'Lørenskog'),
(0231, 2, 'Skedsmo'),
(0233, 2, 'Nittedal'),
(0234, 2, 'Gjerdrum'),
(0235, 2, 'Ullensaker'),
(0236, 2, 'Nes'),
(0237, 2, 'Eidsvoll'),
(0238, 2, 'Nannestad'),
(0239, 2, 'Hurdal'),
(0301, 3, 'Oslo'),
(0402, 4, 'Kongsvinger'),
(0403, 4, 'Hamar'),
(0412, 4, 'Ringsaker'),
(0415, 4, 'Løten'),
(0417, 4, 'Stange'),
(0418, 4, 'Nord-Odal'),
(0419, 4, 'Sør-Odal'),
(0420, 4, 'Eidskog'),
(0423, 4, 'Grue'),
(0425, 4, 'Åsnes'),
(0426, 4, 'Våler'),
(0427, 4, 'Elverum'),
(0428, 4, 'Trysil'),
(0429, 4, 'Åmot'),
(0430, 4, 'Stor-Elvdal'),
(0432, 4, 'Rendalen'),
(0434, 4, 'Engerdal'),
(0436, 4, 'Tolga'),
(0437, 4, 'Tynset'),
(0438, 4, 'Alvdal'),
(0439, 4, 'Folldal'),
(0441, 4, 'Os'),
(0501, 5, 'Lillehammer'),
(0502, 5, 'Gjøvik'),
(0511, 5, 'Dovre'),
(0512, 5, 'Lesja'),
(0513, 5, 'Skjåk'),
(0514, 5, 'Lom'),
(0515, 5, 'Vågå'),
(0516, 5, 'Nord-Fron'),
(0517, 5, 'Sel'),
(0519, 5, 'Sør-Fron'),
(0520, 5, 'Ringebu'),
(0521, 5, 'Øyer'),
(0522, 5, 'Gausdal'),
(0528, 5, 'Østre Toten'),
(0529, 5, 'Vestre Toten'),
(0532, 5, 'Jevnaker'),
(0533, 5, 'Lunner'),
(0534, 5, 'Gran'),
(0536, 5, 'Søndre Land'),
(0538, 5, 'Nordre Land'),
(0540, 5, 'Sør-Aurdal'),
(0541, 5, 'Etnedal'),
(0542, 5, 'Nord-Aurdal'),
(0543, 5, 'Vestre Slidre'),
(0544, 5, 'Øystre Slidre'),
(0545, 5, 'Vang'),
(0602, 6, 'Drammen'),
(0604, 6, 'Kongsberg'),
(0605, 6, 'Ringerike'),
(0612, 6, 'Hole'),
(0615, 6, 'Flå'),
(0616, 6, 'Nes'),
(0617, 6, 'Gol'),
(0618, 6, 'Hemsedal'),
(0619, 6, 'Ål'),
(0620, 6, 'Hol'),
(0621, 6, 'Sigdal'),
(0622, 6, 'Krødsherad'),
(0623, 6, 'Modum'),
(0624, 6, 'Øvre Eiker'),
(0625, 6, 'Nedre Eiker'),
(0626, 6, 'Lier'),
(0627, 6, 'Røyken'),
(0628, 6, 'Hurum'),
(0631, 6, 'Flesberg'),
(0632, 6, 'Rollag'),
(0633, 6, 'Nore og Uvdal'),
(0701, 7, 'Horten'),
(0702, 7, 'Holmestrand'),
(0704, 7, 'Tønsberg'),
(0706, 7, 'Sandefjord'),
(0709, 7, 'Larvik'),
(0711, 7, 'Svelvik'),
(0713, 7, 'Sande'),
(0714, 7, 'Hof'),
(0716, 7, 'Re'),
(0719, 7, 'Andebu'),
(0720, 7, 'Stokke'),
(0722, 7, 'Nøtterøy'),
(0723, 7, 'Tjøme'),
(0728, 7, 'Lardal'),
(0805, 8, 'Porsgrunn'),
(0806, 8, 'Skien'),
(0807, 8, 'Notodden'),
(0811, 8, 'Siljan'),
(0814, 8, 'Bamble'),
(0815, 8, 'Kragerø'),
(0817, 8, 'Drangedal'),
(0819, 8, 'Nome'),
(0821, 8, 'Bø'),
(0822, 8, 'Sauherad'),
(0826, 8, 'Tinn'),
(0827, 8, 'Hjartdal'),
(0828, 8, 'Seljord'),
(0829, 8, 'Kviteseid'),
(0830, 8, 'Nissedal'),
(0831, 8, 'Fyresdal'),
(0833, 8, 'Tokke'),
(0834, 8, 'Vinje'),
(0901, 9, 'Risør'),
(0904, 9, 'Grimstad'),
(0906, 9, 'Arendal'),
(0911, 9, 'Gjerstad'),
(0912, 9, 'Vegårshei'),
(0914, 9, 'Tvedestrand'),
(0919, 9, 'Froland'),
(0926, 9, 'Lillesand'),
(0928, 9, 'Birkenes'),
(0929, 9, 'Åmli'),
(0935, 9, 'Iveland'),
(0937, 9, 'Evje og Hornnes'),
(0938, 9, 'Bygland'),
(0940, 9, 'Valle'),
(0941, 9, 'Bykle'),
(1001, 10, 'Kristiansand'),
(1002, 10, 'Mandal'),
(1003, 10, 'Farsund'),
(1004, 10, 'Flekkefjord'),
(1014, 10, 'Vennesla'),
(1017, 10, 'Songdalen'),
(1018, 10, 'Søgne'),
(1021, 10, 'Marnardal'),
(1026, 10, 'Åseral'),
(1027, 10, 'Audnedal'),
(1029, 10, 'Lindesnes'),
(1032, 10, 'Lyngdal'),
(1034, 10, 'Hægebostad'),
(1037, 10, 'Kvinesdal'),
(1046, 10, 'Sirdal'),
(1101, 11, 'Eigersund'),
(1102, 11, 'Sandnes'),
(1103, 11, 'Stavanger'),
(1106, 11, 'Haugesund'),
(1111, 11, 'Sokndal'),
(1112, 11, 'Lund'),
(1114, 11, 'Bjerkreim'),
(1119, 11, 'Hå'),
(1120, 11, 'Klepp'),
(1121, 11, 'Time'),
(1122, 11, 'Gjesdal'),
(1124, 11, 'Sola'),
(1127, 11, 'Randaberg'),
(1129, 11, 'Forsand'),
(1130, 11, 'Strand'),
(1133, 11, 'Hjelmeland'),
(1134, 11, 'Suldal'),
(1135, 11, 'Sauda'),
(1141, 11, 'Finnøy'),
(1142, 11, 'Rennesøy'),
(1144, 11, 'Kvitsøy'),
(1145, 11, 'Bokn'),
(1146, 11, 'Tysvær'),
(1149, 11, 'Karmøy'),
(1151, 11, 'Utsira'),
(1160, 11, 'Vindafjord'),
(1201, 12, 'Bergen'),
(1211, 12, 'Etne'),
(1216, 12, 'Sveio'),
(1219, 12, 'Bømlo'),
(1221, 12, 'Stord'),
(1222, 12, 'Fitjar'),
(1223, 12, 'Tysnes'),
(1224, 12, 'Kvinnherad'),
(1227, 12, 'Jondal'),
(1228, 12, 'Odda'),
(1231, 12, 'Ullensvang'),
(1232, 12, 'Eidfjord'),
(1233, 12, 'Ulvik'),
(1234, 12, 'Granvin'),
(1235, 12, 'Voss'),
(1238, 12, 'Kvam'),
(1241, 12, 'Fusa'),
(1242, 12, 'Samnanger'),
(1243, 12, 'Os'),
(1244, 12, 'Austevoll'),
(1245, 12, 'Sund'),
(1246, 12, 'Fjell'),
(1247, 12, 'Askøy'),
(1251, 12, 'Vaksdal'),
(1252, 12, 'Modalen'),
(1253, 12, 'Osterøy'),
(1256, 12, 'Meland'),
(1259, 12, 'Øygarden'),
(1260, 12, 'Radøy'),
(1263, 12, 'Lindås'),
(1264, 12, 'Austrheim'),
(1265, 12, 'Fedje'),
(1266, 12, 'Masfjorden'),
(1401, 14, 'Flora'),
(1411, 14, 'Gulen'),
(1412, 14, 'Solund'),
(1413, 14, 'Hyllestad'),
(1416, 14, 'Høyanger'),
(1417, 14, 'Vik'),
(1418, 14, 'Balestrand'),
(1419, 14, 'Leikanger'),
(1420, 14, 'Sogndal'),
(1421, 14, 'Aurland'),
(1422, 14, 'Lærdal'),
(1424, 14, 'Årdal'),
(1426, 14, 'Luster'),
(1428, 14, 'Askvoll'),
(1429, 14, 'Fjaler'),
(1430, 14, 'Gaular'),
(1431, 14, 'Jølster'),
(1432, 14, 'Førde'),
(1433, 14, 'Naustdal'),
(1438, 14, 'Bremanger'),
(1439, 14, 'Vågsøy'),
(1441, 14, 'Selje'),
(1443, 14, 'Eid'),
(1444, 14, 'Hornindal'),
(1445, 14, 'Gloppen'),
(1449, 14, 'Stryn'),
(1502, 15, 'Molde'),
(1504, 15, 'Ålesund'),
(1505, 15, 'Kristiansund'),
(1511, 15, 'Vanylven'),
(1514, 15, 'Sande'),
(1515, 15, 'Herøy'),
(1516, 15, 'Ulstein'),
(1517, 15, 'Hareid'),
(1519, 15, 'Volda'),
(1520, 15, 'Ørsta'),
(1523, 15, 'Ørskog'),
(1524, 15, 'Norddal'),
(1525, 15, 'Stranda'),
(1526, 15, 'Stordal'),
(1528, 15, 'Sykkylven'),
(1529, 15, 'Skodje'),
(1531, 15, 'Sula'),
(1532, 15, 'Giske'),
(1534, 15, 'Haram'),
(1535, 15, 'Vestnes'),
(1539, 15, 'Rauma'),
(1543, 15, 'Nesset'),
(1545, 15, 'Midsund'),
(1546, 15, 'Sandøy'),
(1547, 15, 'Aukra'),
(1548, 15, 'Fræna'),
(1551, 15, 'Eide'),
(1554, 15, 'Averøy'),
(1557, 15, 'Gjemnes'),
(1560, 15, 'Tingvoll'),
(1563, 15, 'Sunndal'),
(1566, 15, 'Surnadal'),
(1567, 15, 'Rindal'),
(1571, 15, 'Halsa'),
(1573, 15, 'Smøla'),
(1576, 15, 'Aure'),
(1601, 16, 'Trondheim'),
(1612, 16, 'Hemne'),
(1613, 16, 'Snillfjord'),
(1617, 16, 'Hitra'),
(1620, 16, 'Frøya'),
(1621, 16, 'Ørland'),
(1622, 16, 'Agdenes'),
(1624, 16, 'Rissa'),
(1627, 16, 'Bjugn'),
(1630, 16, 'Åfjord'),
(1632, 16, 'Roan'),
(1633, 16, 'Osen'),
(1634, 16, 'Oppdal'),
(1635, 16, 'Rennebu'),
(1636, 16, 'Meldal'),
(1638, 16, 'Orkdal'),
(1640, 16, 'Røros'),
(1644, 16, 'Holtålen'),
(1648, 16, 'Midtre Gauldal'),
(1653, 16, 'Melhus'),
(1657, 16, 'Skaun'),
(1662, 16, 'Klæbu'),
(1663, 16, 'Malvik'),
(1664, 16, 'Selbu'),
(1665, 16, 'Tydal'),
(1702, 17, 'Steinkjer'),
(1703, 17, 'Namsos'),
(1711, 17, 'Meråker'),
(1714, 17, 'Stjørdal'),
(1717, 17, 'Frosta'),
(1718, 17, 'Leksvik'),
(1719, 17, 'Levanger'),
(1721, 17, 'Verdal'),
(1723, 17, 'Mosvik'),
(1724, 17, 'Verran'),
(1725, 17, 'Namdalseid'),
(1729, 17, 'Inderøy'),
(1736, 17, 'Snåsa'),
(1738, 17, 'Lierne'),
(1739, 17, 'Røyrvik'),
(1740, 17, 'Namsskogan'),
(1742, 17, 'Grong'),
(1743, 17, 'Høylandet'),
(1744, 17, 'Overhalla'),
(1748, 17, 'Fosnes'),
(1749, 17, 'Flatanger'),
(1750, 17, 'Vikna'),
(1751, 17, 'Nærøy'),
(1755, 17, 'Leka'),
(1804, 18, 'Bodø'),
(1805, 18, 'Narvik'),
(1811, 18, 'Bindal'),
(1812, 18, 'Sømna'),
(1813, 18, 'Brønnøy'),
(1815, 18, 'Vega'),
(1816, 18, 'Vevelstad'),
(1818, 18, 'Herøy'),
(1820, 18, 'Alstahaug'),
(1822, 18, 'Leirfjord'),
(1824, 18, 'Vefsn'),
(1825, 18, 'Grane'),
(1826, 18, 'Hattfjelldal'),
(1827, 18, 'Dønna'),
(1828, 18, 'Nesna'),
(1832, 18, 'Hemnes'),
(1833, 18, 'Rana'),
(1834, 18, 'Lurøy'),
(1835, 18, 'Træna'),
(1836, 18, 'Rødøy'),
(1837, 18, 'Meløy'),
(1838, 18, 'Gildeskål'),
(1839, 18, 'Beiarn'),
(1840, 18, 'Saltdal'),
(1841, 18, 'Fauske'),
(1845, 18, 'Sørfold'),
(1848, 18, 'Steigen'),
(1849, 18, 'Hamarøy'),
(1850, 18, 'Tysfjord'),
(1851, 18, 'Lødingen'),
(1852, 18, 'Tjeldsund'),
(1853, 18, 'Evenes'),
(1854, 18, 'Ballangen'),
(1856, 18, 'Røst'),
(1857, 18, 'Værøy'),
(1859, 18, 'Flakstad'),
(1860, 18, 'Vestvågøy'),
(1865, 18, 'Vågan'),
(1866, 18, 'Hadsel'),
(1867, 18, 'Bø'),
(1868, 18, 'Øksnes'),
(1870, 18, 'Sortland'),
(1871, 18, 'Andøy'),
(1874, 18, 'Moskenes'),
(1901, 19, 'Harstad'),
(1902, 19, 'Tromsø'),
(1911, 19, 'Kvæfjord'),
(1913, 19, 'Skånland'),
(1915, 19, 'Bjarkøy'),
(1917, 19, 'Ibestad'),
(1919, 19, 'Gratangen'),
(1920, 19, 'Lavangen'),
(1922, 19, 'Bardu'),
(1923, 19, 'Salangen'),
(1924, 19, 'Målselv'),
(1925, 19, 'Sørreisa'),
(1926, 19, 'Dyrøy'),
(1927, 19, 'Tranøy'),
(1928, 19, 'Torsken'),
(1929, 19, 'Berg'),
(1931, 19, 'Lenvik'),
(1933, 19, 'Balsfjord'),
(1936, 19, 'Karlsøy'),
(1938, 19, 'Lyngen'),
(1939, 19, 'Storfjord'),
(1940, 19, 'Kåfjord'),
(1941, 19, 'Skjervøy'),
(1942, 19, 'Nordreisa'),
(1943, 19, 'Kvænangen'),
(2002, 20, 'Vardø'),
(2003, 20, 'Vadsø'),
(2004, 20, 'Hammerfest'),
(2011, 20, 'Kautokeino'),
(2012, 20, 'Alta'),
(2014, 20, 'Loppa'),
(2015, 20, 'Hasvik'),
(2017, 20, 'Kvalsund'),
(2018, 20, 'Måsøy'),
(2019, 20, 'Nordkapp'),
(2020, 20, 'Porsanger'),
(2021, 20, 'Karasjok'),
(2022, 20, 'Lebesby'),
(2023, 20, 'Gamvik'),
(2024, 20, 'Berlevåg'),
(2025, 20, 'Tana'),
(2027, 20, 'Nesseby'),
(2028, 20, 'Båtsfjord'),
(2030, 20, 'Sør-Varanger'),
(2111, 21, 'Spitsbergen'),
(2121, 21, 'Bjørnøya'),
(2131, 21, 'Jan Mayen'),
(2211, 21, 'Hopen');

-- --------------------------------------------------------

--
-- Tabellstruktur for tabell `postal_zip_codes`
--

CREATE TABLE IF NOT EXISTS `postal_zip_codes` (
  `zip` smallint(4) unsigned zerofill NOT NULL,
  `place_id` smallint(5) unsigned NOT NULL,
  `comment_id` smallint(3) NOT NULL,
  `lat` decimal(12,7) default '0.0000000',
  `lon` decimal(12,7) default '0.0000000',
  UNIQUE KEY `zip` (`zip`),
  KEY `lat` (`lat`),
  KEY `lon` (`lon`)
) ENGINE=MyISAM DEFAULT CHARSET=utf8;

--
-- Dataark for tabell `postal_zip_codes`
--

INSERT INTO `postal_zip_codes` (`zip`, `place_id`, `comment_id`, `lat`, `lon`) VALUES
(0001, 1116, 1, '59.9116000', '10.7545000'),
(0010, 1116, 2, '59.9171400', '10.7273700'),
(0014, 1116, 1, '59.9116000', '10.7545000'),
(0015, 1116, 1, '59.9093000', '10.7387000'),
(0016, 1116, 1, '59.9439000', '10.6551000'),
(0017, 1116, 1, '59.9172000', '10.5049000'),
(0018, 1116, 3, '59.9173000', '10.5050000'),
(0020, 1116, 1, '59.9116000', '10.7545000'),
(0021, 1116, 1, '59.9096580', '10.7253920'),
(0022, 1116, 1, '59.9134400', '10.7572100'),
(0023, 1116, 2, '59.9116000', '10.7545000'),
(0024, 1116, 1, '59.9116000', '10.7545000'),
(0025, 1116, 1, '59.9131500', '10.7541700'),
(0026, 1116, 2, '59.9132100', '10.7403400'),
(0027, 1116, 2, '59.9479400', '10.7156900'),
(0028, 1116, 4, '59.9143200', '10.7492700'),
(0030, 1116, 4, '59.9153700', '10.7457800'),
(0031, 1116, 4, '59.9153700', '10.7457800'),
(0032, 1116, 4, '59.9153700', '10.7457800'),
(0033, 1116, 4, '59.9153700', '10.7457800'),
(0034, 1116, 4, '59.9153700', '10.7457800'),
(0037, 1116, 1, '59.9124600', '10.7340800'),
(0040, 1116, 1, '59.9424900', '10.7604100'),
(0041, 1116, 1, '59.9424900', '10.7604100'),
(0042, 1116, 1, '59.9424900', '10.7604100'),
(0043, 1116, 1, '59.9424900', '10.7604100'),
(0045, 1116, 1, '59.9635700', '10.9129000'),
(0046, 1116, 1, '59.9635700', '10.9129000'),
(0047, 1116, 1, '59.9635700', '10.9129000'),
(0048, 1116, 1, '59.9109100', '10.7506400'),
(0050, 1116, 3, '59.9126700', '10.7522400'),
(0051, 1116, 4, '59.9116000', '10.7545000'),
(0055, 1116, 1, '59.9124900', '10.7467900'),
(0080, 1116, 1, '59.9057000', '10.6281000'),
(0081, 1116, 1, '59.9155000', '10.7410000'),
(0101, 1116, 4, '59.9138000', '10.7387000'),
(0102, 1116, 4, '59.9138000', '10.7387000'),
(0103, 1116, 4, '59.9138000', '10.7387000'),
(0104, 1116, 4, '59.9138000', '10.7387000'),
(0105, 1116, 4, '59.9138000', '10.7387000'),
(0106, 1116, 4, '59.9138000', '10.7387000'),
(0107, 1116, 4, '59.9138000', '10.7387000'),
(0110, 1116, 4, '59.9134000', '10.7313000'),
(0111, 1116, 4, '59.9134000', '10.7313000'),
(0112, 1116, 4, '59.9134000', '10.7313000'),
(0113, 1116, 4, '59.9134000', '10.7313000'),
(0114, 1116, 4, '59.9134000', '10.7313000'),
(0115, 1116, 4, '59.9134000', '10.7313000'),
(0116, 1116, 4, '59.9134000', '10.7313000'),
(0117, 1116, 4, '59.9134000', '10.7313000'),
(0118, 1116, 4, '59.9134000', '10.7313000'),
(0119, 1116, 4, '59.9134000', '10.7313000'),
(0120, 1116, 4, '59.9138000', '10.7387000'),
(0121, 1116, 4, '59.9134000', '10.7313000'),
(0122, 1116, 4, '59.9130000', '10.7239000'),
(0123, 1116, 4, '59.9126000', '10.7165000'),
(0124, 1116, 4, '59.9122000', '10.7091000'),
(0125, 1116, 4, '59.9118000', '10.7017000'),
(0126, 1116, 4, '59.9114000', '10.6943000'),
(0127, 1116, 4, '59.9134000', '10.7291000'),
(0128, 1116, 1, '59.9152300', '10.7433000'),
(0129, 1116, 4, '59.9180000', '10.7400000'),
(0130, 1116, 4, '59.9180000', '10.7400000'),
(0131, 1116, 4, '59.9235900', '10.7404700'),
(0133, 1116, 4, '59.9128700', '10.7590900'),
(0134, 1116, 4, '59.9128700', '10.7590900'),
(0135, 1116, 4, '59.9128700', '10.7590900'),
(0136, 1116, 4, '59.9175900', '10.7398500'),
(0137, 1116, 4, '59.8834000', '10.7717000'),
(0138, 1116, 4, '59.8702400', '10.7726700'),
(0139, 1116, 3, '59.8701500', '10.7726600'),
(0150, 1116, 3, '59.8955000', '10.7304000'),
(0151, 1116, 3, '59.9088600', '10.7422400'),
(0152, 1116, 3, '59.9097100', '10.7461600'),
(0153, 1116, 3, '59.9108150', '10.7424400'),
(0154, 1116, 3, '59.9113800', '10.7481100'),
(0155, 1116, 3, '59.9129000', '10.7482500'),
(0157, 1116, 3, '59.9102230', '10.7396130'),
(0158, 1116, 3, '59.9116900', '10.7389200'),
(0159, 1116, 3, '59.9129450', '10.7417160'),
(0160, 1116, 3, '59.9107640', '10.7326220'),
(0161, 1116, 3, '59.9136600', '10.7334000'),
(0162, 1116, 3, '59.9135790', '10.7380350'),
(0164, 1116, 3, '59.9165100', '10.7383000'),
(0165, 1116, 3, '59.9187400', '10.7414200'),
(0166, 1116, 3, '59.9191200', '10.7344700'),
(0167, 1116, 3, '59.9256460', '10.7309660'),
(0168, 1116, 3, '59.9272700', '10.7340500'),
(0169, 1116, 3, '59.9252300', '10.7368400'),
(0170, 1116, 3, '59.9225100', '10.7370500'),
(0171, 1116, 3, '59.9259800', '10.7426900'),
(0172, 1116, 3, '59.9239800', '10.7451200'),
(0173, 1116, 3, '59.9277700', '10.7470800'),
(0174, 1116, 3, '59.9263900', '10.7481400'),
(0175, 1116, 3, '59.9265200', '10.7512700'),
(0176, 1116, 3, '59.9201200', '10.7393200'),
(0177, 1116, 3, '59.9195000', '10.7473900'),
(0178, 1116, 3, '59.9195100', '10.7501500'),
(0179, 1116, 3, '59.9162900', '10.7485700'),
(0180, 1116, 3, '59.9156200', '10.7433400'),
(0181, 1116, 3, '59.9144900', '10.7495200'),
(0182, 1116, 3, '59.9177300', '10.7559800'),
(0183, 1116, 3, '59.9166300', '10.7529300'),
(0184, 1116, 3, '59.9137100', '10.7523200'),
(0185, 1116, 3, '59.9119300', '10.7568500'),
(0186, 1116, 3, '59.9154500', '10.7585300'),
(0187, 1116, 3, '59.9144500', '10.7637600'),
(0188, 1116, 3, '59.9126500', '10.7608700'),
(0190, 1116, 3, '59.9120400', '10.7656600'),
(0191, 1116, 3, '59.9085200', '10.7645700'),
(0192, 1116, 3, '59.9036000', '10.7726100'),
(0193, 1116, 3, '59.8882400', '10.7549400'),
(0195, 1116, 3, '59.9040200', '10.7880100'),
(0196, 1116, 3, '59.9019700', '10.7819500'),
(0198, 1116, 3, '59.8773700', '10.7607800'),
(0201, 1116, 4, '59.9146200', '10.7199200'),
(0202, 1116, 4, '59.9146200', '10.7199200'),
(0203, 1116, 4, '59.9146200', '10.7199200'),
(0204, 1116, 4, '59.9146200', '10.7199200'),
(0207, 1116, 4, '59.9183600', '10.7074800'),
(0208, 1116, 4, '59.9183600', '10.7074800'),
(0211, 1116, 4, '59.9070000', '10.6743000'),
(0212, 1116, 4, '59.9228000', '10.6793000'),
(0213, 1116, 4, '59.9228000', '10.6793000'),
(0214, 1116, 4, '59.9228000', '10.6793000'),
(0215, 1116, 4, '59.9228000', '10.6793000'),
(0216, 1116, 4, '59.9176400', '10.6363600'),
(0218, 1116, 4, '59.9252200', '10.6748100'),
(0230, 1116, 4, '59.9146200', '10.7199200'),
(0240, 1116, 1, '59.9146200', '10.7148700'),
(0242, 1116, 1, '59.9146000', '10.7177000'),
(0244, 1116, 1, '59.9192000', '10.6972000'),
(0245, 1116, 1, '59.9083100', '10.7152700'),
(0246, 1116, 1, '59.9083100', '10.7152700'),
(0247, 1116, 1, '59.9219000', '10.6839000'),
(0250, 1116, 3, '59.9099300', '10.7250700'),
(0251, 1116, 3, '59.9127900', '10.7258500'),
(0252, 1116, 3, '59.9084400', '10.7230100'),
(0253, 1116, 3, '59.9140100', '10.7246670'),
(0254, 1116, 3, '59.9129800', '10.7211300'),
(0255, 1116, 3, '59.9149800', '10.7217200'),
(0256, 1116, 3, '59.9170400', '10.7202200'),
(0257, 1116, 3, '59.9164400', '10.7162290'),
(0258, 1116, 3, '59.9199400', '10.7225700'),
(0259, 1116, 3, '59.9211000', '10.7170400'),
(0260, 1116, 3, '59.9211620', '10.7136040'),
(0262, 1116, 3, '59.9171600', '10.7115500'),
(0263, 1116, 3, '59.9186400', '10.7116100'),
(0264, 1116, 3, '59.9166200', '10.7059400'),
(0265, 1116, 3, '59.9184300', '10.7047300'),
(0266, 1116, 3, '59.9205900', '10.7065200'),
(0267, 1116, 3, '59.9204700', '10.7031000'),
(0268, 1116, 3, '59.9208700', '10.6969900'),
(0270, 1116, 3, '59.9119600', '10.7159500'),
(0271, 1116, 3, '59.9133800', '10.7071000'),
(0272, 1116, 3, '59.9135400', '10.7097300'),
(0273, 1116, 3, '59.9180600', '10.6950700'),
(0274, 1116, 3, '59.9241500', '10.6926800'),
(0275, 1116, 3, '59.9262900', '10.6760000'),
(0276, 1116, 3, '59.9251300', '10.6833700'),
(0277, 1116, 3, '59.9208500', '10.6777600'),
(0278, 1116, 3, '59.9197600', '10.6837100'),
(0279, 1116, 3, '59.9208800', '10.6803500'),
(0280, 1116, 3, '59.9240760', '10.6548500'),
(0281, 1116, 3, '59.9207200', '10.6619800'),
(0282, 1116, 3, '59.9206400', '10.6498300'),
(0283, 1116, 3, '59.9179300', '10.6441700'),
(0284, 1116, 3, '59.9238300', '10.6352100'),
(0286, 1116, 3, '59.9006600', '10.6855800'),
(0287, 1116, 3, '59.9042700', '10.6804200'),
(0301, 1116, 4, '59.9295000', '10.7174000'),
(0302, 1116, 4, '59.9295000', '10.7174000'),
(0303, 1116, 4, '59.9295000', '10.7174000'),
(0304, 1116, 4, '59.9295000', '10.7174000'),
(0305, 1116, 4, '59.9295000', '10.7174000'),
(0306, 1116, 4, '59.9295000', '10.7174000'),
(0307, 1116, 4, '59.9295000', '10.7174000'),
(0308, 1116, 4, '59.9295000', '10.7174000'),
(0309, 1116, 4, '59.9379600', '10.6831300'),
(0310, 1116, 2, '59.9301600', '10.6596500'),
(0311, 1116, 4, '59.9285400', '10.6471800'),
(0313, 1116, 5, '59.9402800', '10.7210000'),
(0314, 1116, 4, '59.9402800', '10.7210000'),
(0315, 1116, 4, '59.9406000', '10.7231000'),
(0316, 1116, 4, '59.9406000', '10.7231000'),
(0317, 1116, 4, '59.9406000', '10.7231000'),
(0318, 1116, 4, '59.9406000', '10.7231000'),
(0319, 1116, 4, '59.9430600', '10.7034400'),
(0320, 1116, 3, '59.9493600', '10.7193200'),
(0323, 1116, 4, '59.9241300', '10.7249100'),
(0330, 1116, 4, '59.9294200', '10.7175100'),
(0340, 1116, 1, '59.9355000', '10.7205000'),
(0341, 1116, 1, '59.9355000', '10.7205000'),
(0342, 1116, 1, '59.9355000', '10.7205000'),
(0349, 1116, 2, '59.9422900', '10.7159000'),
(0350, 1116, 3, '59.9217500', '10.7307000'),
(0351, 1116, 3, '59.9234100', '10.7251600'),
(0352, 1116, 3, '59.9220700', '10.7283300'),
(0353, 1116, 3, '59.9245800', '10.7172200'),
(0354, 1116, 3, '59.9277320', '10.7317970'),
(0355, 1116, 3, '59.9244800', '10.7226800'),
(0356, 1116, 3, '59.9266500', '10.7249200'),
(0357, 1116, 3, '59.9258290', '10.7207680'),
(0358, 1116, 3, '59.9311300', '10.7311200'),
(0359, 1116, 3, '59.9338800', '10.7315900'),
(0360, 1116, 3, '59.9319300', '10.7272000'),
(0361, 1116, 3, '59.9337000', '10.7258600'),
(0362, 1116, 3, '59.9305900', '10.7226600'),
(0363, 1116, 3, '59.9322050', '10.7179970'),
(0364, 1116, 3, '59.9304400', '10.7212100'),
(0365, 1116, 3, '59.9283500', '10.7221400'),
(0366, 1116, 3, '59.9283400', '10.7180800'),
(0367, 1116, 3, '59.9264900', '10.7160400'),
(0368, 1116, 3, '59.9274900', '10.7126700'),
(0369, 1116, 3, '59.9320800', '10.7065200'),
(0370, 1116, 3, '59.9373400', '10.7016700'),
(0371, 1116, 3, '59.9356130', '10.7141590'),
(0372, 1116, 3, '59.9543400', '10.7204200'),
(0373, 1116, 3, '59.9420400', '10.7093500'),
(0374, 1116, 3, '59.9427100', '10.6973700'),
(0375, 1116, 3, '59.9331500', '10.6883800'),
(0376, 1116, 3, '59.9422100', '10.6821800'),
(0377, 1116, 3, '59.9348100', '10.6793800'),
(0378, 1116, 3, '59.9409000', '10.6664000'),
(0379, 1116, 3, '59.9318400', '10.6684500'),
(0380, 1116, 3, '59.9314520', '10.6554790'),
(0381, 1116, 3, '59.9284300', '10.6508300'),
(0382, 1116, 3, '59.9307600', '10.6432200'),
(0383, 1116, 3, '59.9321800', '10.6356500'),
(0401, 1116, 4, '59.9506000', '10.7724000'),
(0402, 1116, 4, '59.9506000', '10.7724000'),
(0403, 1116, 4, '59.9506000', '10.7724000'),
(0404, 1116, 4, '59.9506000', '10.7724000'),
(0405, 1116, 4, '59.9506000', '10.7724000'),
(0406, 1116, 4, '59.9407600', '10.7594500'),
(0407, 1116, 1, '59.9380100', '10.7364300'),
(0408, 1116, 4, '59.9486300', '10.7329400'),
(0409, 1116, 4, '59.9456000', '10.7771800'),
(0410, 1116, 4, '59.9491800', '10.7665100'),
(0411, 1116, 4, '59.9659800', '10.7769500'),
(0412, 1116, 4, '59.9339600', '10.7614100'),
(0413, 1116, 4, '59.9339600', '10.7614100'),
(0415, 1116, 4, '59.9355800', '10.7523900'),
(0421, 1116, 4, '59.9506000', '10.7724000'),
(0422, 1116, 4, '59.9506000', '10.7724000'),
(0423, 1116, 4, '59.9506000', '10.7724000'),
(0426, 1116, 4, '59.9506000', '10.7724000'),
(0440, 1116, 1, '59.9360900', '10.7348900'),
(0441, 1116, 1, '59.9492000', '10.7680000'),
(0442, 1116, 1, '59.9488000', '10.7667000'),
(0445, 1116, 1, '59.9432000', '10.7613000'),
(0450, 1116, 3, '59.9366400', '10.7345100'),
(0451, 1116, 3, '59.9346400', '10.7337700'),
(0452, 1116, 3, '59.9300800', '10.7345300'),
(0454, 1116, 3, '59.9305100', '10.7385100'),
(0455, 1116, 3, '59.9332300', '10.7417800'),
(0456, 1116, 3, '59.9321500', '10.7462900'),
(0457, 1116, 3, '59.9299400', '10.7500700'),
(0458, 1116, 3, '59.9305700', '10.7538000'),
(0459, 1116, 3, '59.9303300', '10.7552300'),
(0460, 1116, 3, '59.9330100', '10.7517700'),
(0461, 1116, 3, '59.9349620', '10.7532870'),
(0462, 1116, 3, '59.9371000', '10.7506000'),
(0463, 1116, 3, '59.9380370', '10.7527590'),
(0464, 1116, 3, '59.9397240', '10.7519890'),
(0465, 1116, 3, '59.9381000', '10.7584300'),
(0467, 1116, 3, '59.9448700', '10.7609500'),
(0468, 1116, 3, '59.9406000', '10.7595690'),
(0469, 1116, 3, '59.9408200', '10.7619500'),
(0470, 1116, 3, '59.9397700', '10.7625900'),
(0472, 1116, 3, '59.9382200', '10.7647700'),
(0473, 1116, 3, '59.9327900', '10.7605200'),
(0474, 1116, 3, '59.9310600', '10.7662300'),
(0475, 1116, 3, '59.9332300', '10.7712200'),
(0476, 1116, 3, '59.9346900', '10.7635800'),
(0477, 1116, 3, '59.9364400', '10.7647300'),
(0478, 1116, 3, '59.9353100', '10.7677400'),
(0479, 1116, 3, '59.9368500', '10.7755700'),
(0480, 1116, 3, '59.9377400', '10.7710200'),
(0481, 1116, 3, '59.9398200', '10.7747800'),
(0482, 1116, 3, '59.9416700', '10.7741000'),
(0483, 1116, 3, '59.9426900', '10.7723000'),
(0484, 1116, 3, '59.9484700', '10.7676900'),
(0485, 1116, 3, '59.9491500', '10.7731500'),
(0486, 1116, 3, '59.9538800', '10.7706400'),
(0487, 1116, 3, '59.9487400', '10.7816400'),
(0488, 1116, 3, '59.9497780', '10.7901410'),
(0489, 1116, 3, '59.9536700', '10.7861100'),
(0490, 1116, 3, '59.9523400', '10.7978400'),
(0491, 1116, 3, '59.9595900', '10.7867900'),
(0492, 1116, 3, '59.9575300', '10.7831000'),
(0493, 1116, 3, '59.9613800', '10.7789000'),
(0494, 1116, 3, '59.9641300', '10.7879000'),
(0495, 1116, 3, '59.9613480', '10.7921360'),
(0496, 1116, 3, '59.9788800', '10.8131100'),
(0501, 1116, 4, '59.9253710', '10.7751590'),
(0502, 1116, 4, '59.9290000', '10.7725000'),
(0503, 1116, 4, '59.9290000', '10.7725000'),
(0504, 1116, 4, '59.9290000', '10.7725000'),
(0505, 1116, 4, '59.9222100', '10.7571800'),
(0506, 1116, 4, '59.9187600', '10.7615600'),
(0508, 1116, 4, '59.9286800', '10.8053700'),
(0509, 1116, 4, '59.9286800', '10.8053700'),
(0510, 1116, 4, '59.9286800', '10.8053700'),
(0511, 1116, 4, '59.9286800', '10.8053700'),
(0512, 1116, 4, '59.9286800', '10.8053700'),
(0513, 1116, 4, '59.9286800', '10.8053700'),
(0514, 1116, 2, '59.9393000', '10.7960000'),
(0515, 1116, 4, '59.9426200', '10.8120400'),
(0516, 1116, 4, '59.9364700', '10.8269600'),
(0517, 1116, 4, '59.9432300', '10.8354600'),
(0518, 1116, 4, '59.9439800', '10.8478200'),
(0520, 1116, 4, '59.9286800', '10.8053700'),
(0540, 1116, 1, '59.9357520', '10.8362390'),
(0550, 1116, 3, '59.9192700', '10.7580400'),
(0551, 1116, 3, '59.9217700', '10.7564700'),
(0552, 1116, 3, '59.9225800', '10.7594800'),
(0553, 1116, 3, '59.9248400', '10.7606800'),
(0554, 1116, 3, '59.9246500', '10.7571000'),
(0555, 1116, 3, '59.9267600', '10.7590900'),
(0556, 1116, 3, '59.9273800', '10.7613900'),
(0557, 1116, 3, '59.9288900', '10.7637800'),
(0558, 1116, 3, '59.9213300', '10.7627400'),
(0559, 1116, 3, '59.9202400', '10.7631800'),
(0560, 1116, 3, '59.9207530', '10.7687630'),
(0561, 1116, 3, '59.9167400', '10.7651000'),
(0562, 1116, 3, '59.9199090', '10.7671590'),
(0563, 1116, 3, '59.9218500', '10.7757100'),
(0564, 1116, 3, '59.9231100', '10.7745500'),
(0565, 1116, 3, '59.9244700', '10.7726500'),
(0566, 1116, 3, '59.9254100', '10.7697600'),
(0567, 1116, 3, '59.9276500', '10.7700500'),
(0568, 1116, 3, '59.9289100', '10.7693100'),
(0569, 1116, 3, '59.9301500', '10.7757100'),
(0570, 1116, 3, '59.9316200', '10.7789500'),
(0571, 1116, 3, '59.9255600', '10.7751850'),
(0572, 1116, 3, '59.9301800', '10.7834100'),
(0573, 1116, 3, '59.9312700', '10.7813900'),
(0574, 1116, 3, '59.9332690', '10.7804800'),
(0575, 1116, 3, '59.9254000', '10.7860800'),
(0576, 1116, 3, '59.9202900', '10.7858300'),
(0577, 1116, 3, '59.9151000', '10.7729000'),
(0578, 1116, 3, '59.9150100', '10.7695400'),
(0579, 1116, 3, '59.9257700', '10.7941500'),
(0580, 1116, 3, '59.9326000', '10.8093500'),
(0581, 1116, 3, '59.9274800', '10.8165700'),
(0582, 1116, 3, '59.9303000', '10.8325500'),
(0583, 1116, 3, '59.9347200', '10.8198000'),
(0584, 1116, 3, '59.9390200', '10.8214040'),
(0585, 1116, 3, '59.9321190', '10.7923060'),
(0586, 1116, 3, '59.9385700', '10.8001900'),
(0587, 1116, 3, '59.9435100', '10.7942200'),
(0588, 1116, 3, '59.9460300', '10.8021000'),
(0589, 1116, 3, '59.9426800', '10.8156900'),
(0590, 1116, 3, '59.9504870', '10.8177140'),
(0591, 1116, 3, '59.9485900', '10.8223700'),
(0592, 1116, 3, '59.9485400', '10.8276200'),
(0593, 1116, 3, '59.9451200', '10.8350100'),
(0594, 1116, 3, '59.9417300', '10.8358700'),
(0595, 1116, 3, '59.9457700', '10.8514500'),
(0596, 1116, 3, '59.9436100', '10.8465300'),
(0597, 1116, 3, '59.9463610', '10.8455390'),
(0598, 1116, 3, '59.9395100', '10.8271300'),
(0601, 1116, 4, '59.9096000', '10.7980000'),
(0602, 1116, 4, '59.9096000', '10.7980000'),
(0603, 1116, 4, '59.9096000', '10.7980000'),
(0604, 1116, 4, '59.9096000', '10.7980000'),
(0605, 1116, 4, '59.9096000', '10.7980000'),
(0606, 1116, 4, '59.9096000', '10.7980000'),
(0607, 1116, 4, '59.9096000', '10.7980000'),
(0608, 1116, 4, '59.9140300', '10.7746300'),
(0609, 1116, 4, '59.9096000', '10.7980000'),
(0610, 1116, 1, '59.9165400', '10.8046800'),
(0611, 1116, 4, '59.9034200', '10.8211800'),
(0612, 1116, 4, '59.8972570', '10.8127090'),
(0613, 1116, 4, '59.9286000', '10.8376000'),
(0614, 1116, 4, '59.9261300', '10.8456950'),
(0616, 1116, 4, '59.9226700', '10.8563800'),
(0617, 1116, 4, '59.9138300', '10.8418900'),
(0618, 1116, 4, '59.9163900', '10.8485000'),
(0619, 1116, 4, '59.8942000', '10.8406300'),
(0620, 1116, 4, '59.8828200', '10.8447900'),
(0621, 1116, 4, '59.8756800', '10.8432300'),
(0622, 1116, 4, '59.8796200', '10.8524300'),
(0623, 1116, 4, '59.9260500', '10.8457300'),
(0624, 1116, 4, '59.8682000', '10.8382300'),
(0626, 1116, 4, '59.9073200', '10.7808200'),
(0630, 1116, 1, '59.9145000', '10.7751000'),
(0640, 1116, 1, '59.9152700', '10.7776200'),
(0650, 1116, 3, '59.9115100', '10.7728200'),
(0651, 1116, 3, '59.9132900', '10.7701000'),
(0652, 1116, 3, '59.9122000', '10.7752400'),
(0653, 1116, 3, '59.9267000', '10.8712720'),
(0654, 1116, 3, '59.9127400', '10.7798200'),
(0655, 1116, 3, '59.9120700', '10.7826700'),
(0656, 1116, 3, '59.9076100', '10.7740300'),
(0657, 1116, 3, '59.9070600', '10.7849700'),
(0658, 1116, 3, '59.9087900', '10.7894000'),
(0659, 1116, 3, '59.9077400', '10.8010800'),
(0660, 1116, 3, '59.9098500', '10.7995600'),
(0661, 1116, 3, '59.9134300', '10.7958200'),
(0662, 1116, 3, '59.9205900', '10.7966100'),
(0663, 1116, 3, '59.9164900', '10.8003000'),
(0664, 1116, 3, '59.9173500', '10.8191000'),
(0665, 1116, 3, '59.9199000', '10.8146300'),
(0666, 1116, 3, '59.9163600', '10.8232200'),
(0667, 1116, 3, '59.9069000', '10.8206000'),
(0668, 1116, 3, '59.9270700', '10.8449800'),
(0669, 1116, 3, '59.9161200', '10.8370400'),
(0670, 1116, 3, '59.9189100', '10.8432600'),
(0671, 1116, 3, '59.9108800', '10.8443600'),
(0672, 1116, 3, '59.9119870', '10.8521320'),
(0673, 1116, 3, '59.9208300', '10.8555900'),
(0674, 1116, 3, '59.9173100', '10.8579500'),
(0675, 1116, 3, '59.9245500', '10.8634400'),
(0676, 1116, 3, '59.9222400', '10.8495100'),
(0677, 1116, 3, '59.9005000', '10.7967400'),
(0678, 1116, 3, '59.9021600', '10.8101100'),
(0679, 1116, 3, '59.8961600', '10.8142900'),
(0680, 1116, 3, '59.8898100', '10.8111200'),
(0681, 1116, 3, '59.8939900', '10.8185200'),
(0682, 1116, 3, '59.9014430', '10.8315320'),
(0683, 1116, 3, '59.9017700', '10.8422700'),
(0684, 1116, 3, '59.9021400', '10.8477600'),
(0685, 1116, 3, '59.8965600', '10.8469700'),
(0686, 1116, 3, '59.8935400', '10.8379500'),
(0687, 1116, 3, '59.8930300', '10.8503100'),
(0688, 1116, 3, '59.8870300', '10.8551700'),
(0689, 1116, 3, '59.8796800', '10.8527300'),
(0690, 1116, 3, '59.8866500', '10.8426400'),
(0691, 1116, 3, '59.8803300', '10.8464000'),
(0692, 1116, 3, '59.8769800', '10.8394200'),
(0693, 1116, 3, '59.8735100', '10.8464700'),
(0694, 1116, 3, '59.8677700', '10.8402300'),
(0701, 1116, 4, '59.9462300', '10.6427600'),
(0702, 1116, 4, '59.9462300', '10.6427600'),
(0705, 1116, 4, '59.9469200', '10.6548600'),
(0710, 1116, 4, '59.9505500', '10.6934300'),
(0712, 1116, 4, '59.9572500', '10.6730000'),
(0750, 1116, 3, '59.9394930', '10.6401250'),
(0751, 1116, 3, '59.9424700', '10.6394900'),
(0752, 1116, 3, '59.9423600', '10.6449200'),
(0753, 1116, 3, '59.9415800', '10.6482300'),
(0754, 1116, 3, '59.9495950', '10.6461580'),
(0755, 1116, 3, '59.9551400', '10.6400500'),
(0756, 1116, 3, '59.9533100', '10.6368300'),
(0757, 1116, 3, '59.9603700', '10.6347280'),
(0758, 1116, 3, '59.9904900', '10.6287700'),
(0759, 1116, 3, '60.0170490', '10.6035030'),
(0760, 1116, 3, '59.9468660', '10.6432200'),
(0763, 1116, 3, '59.9760200', '10.6459100'),
(0764, 1116, 3, '59.9696500', '10.6470300'),
(0765, 1116, 3, '59.9662800', '10.6452500'),
(0766, 1116, 3, '59.9615600', '10.6505000'),
(0767, 1116, 3, '59.9535600', '10.6527300'),
(0768, 1116, 3, '59.9489100', '10.6529800'),
(0770, 1116, 3, '59.9487100', '10.6609900'),
(0771, 1116, 3, '59.9508800', '10.6639700'),
(0772, 1116, 3, '59.9510300', '10.6707800'),
(0773, 1116, 3, '59.9532700', '10.6791300'),
(0774, 1116, 3, '59.9490700', '10.6841200'),
(0775, 1116, 3, '59.9479800', '10.6913600'),
(0776, 1116, 3, '59.9536400', '10.6901200'),
(0777, 1116, 3, '59.9526900', '10.7009500'),
(0778, 1116, 3, '59.9540600', '10.7081600'),
(0779, 1116, 3, '59.9590400', '10.7022800'),
(0781, 1116, 3, '59.9597500', '10.6930000'),
(0782, 1116, 3, '59.9599700', '10.6829500'),
(0783, 1116, 3, '59.9563100', '10.6749800'),
(0784, 1116, 3, '59.9560700', '10.6688100'),
(0785, 1116, 3, '59.9535000', '10.6649300'),
(0786, 1116, 3, '59.9613200', '10.6573500'),
(0787, 1116, 3, '59.9610800', '10.6745400'),
(0788, 1116, 3, '59.9706100', '10.6520900'),
(0789, 1116, 3, '59.9691300', '10.6568900'),
(0790, 1116, 3, '59.9763100', '10.6614300'),
(0791, 1116, 3, '59.9751800', '10.6687700'),
(0801, 1116, 4, '59.9525100', '10.7513300'),
(0805, 1116, 4, '59.9486300', '10.7329400'),
(0806, 1116, 4, '59.9486300', '10.7329400'),
(0807, 1116, 4, '59.9647300', '10.7329900'),
(0840, 1116, 1, '59.9486000', '10.7349000'),
(0850, 1116, 3, '59.9386800', '10.7330000'),
(0851, 1116, 3, '59.9440000', '10.7277100'),
(0852, 1116, 3, '59.9417400', '10.7339500'),
(0853, 1116, 3, '59.9426000', '10.7452000'),
(0854, 1116, 3, '59.9458200', '10.7382400'),
(0855, 1116, 3, '59.9532300', '10.7337200'),
(0856, 1116, 3, '59.9486000', '10.7276000'),
(0857, 1116, 3, '59.9564300', '10.7315000'),
(0858, 1116, 3, '59.9528900', '10.7297100'),
(0860, 1116, 3, '59.9603100', '10.7338300'),
(0861, 1116, 3, '59.9637600', '10.7461630'),
(0862, 1116, 3, '59.9645200', '10.7380100'),
(0863, 1116, 3, '59.9666900', '10.7300700'),
(0864, 1116, 3, '59.9647320', '10.7332940'),
(0870, 1116, 3, '59.9485700', '10.7460500'),
(0871, 1116, 3, '59.9476700', '10.7546400'),
(0872, 1116, 3, '59.9491900', '10.7607400'),
(0873, 1116, 3, '59.9535900', '10.7562100'),
(0874, 1116, 3, '59.9605000', '10.7504500'),
(0875, 1116, 3, '59.9563300', '10.7423800'),
(0876, 1116, 3, '59.9527400', '10.7448700'),
(0877, 1116, 3, '59.9458900', '10.7444400'),
(0880, 1116, 3, '59.9599800', '10.7596800'),
(0881, 1116, 3, '59.9630200', '10.7625200'),
(0882, 1116, 3, '59.9637000', '10.7673300'),
(0883, 1116, 3, '59.9615800', '10.7685700'),
(0884, 1116, 3, '59.9676600', '10.7733500'),
(0890, 1116, 3, '60.0101800', '10.7686300'),
(0891, 1116, 3, '60.0324100', '10.8067200'),
(0901, 1116, 4, '59.9536800', '10.8680500'),
(0902, 1116, 4, '59.9536800', '10.8680500'),
(0903, 1116, 4, '59.9536800', '10.8680500'),
(0904, 1116, 4, '59.9586800', '10.8701900'),
(0905, 1116, 4, '59.9606200', '10.8814000'),
(0907, 1116, 4, '59.9631600', '10.8928500'),
(0908, 1116, 4, '59.9692100', '10.9026300'),
(0913, 1116, 4, '59.9608800', '10.9260000'),
(0915, 1116, 4, '59.9522500', '10.9107800'),
(0950, 1116, 3, '59.9481000', '10.8625600'),
(0951, 1116, 3, '59.9484000', '10.8675200'),
(0952, 1116, 3, '59.9519300', '10.8772100'),
(0953, 1116, 3, '59.9542800', '10.8717700'),
(0954, 1116, 3, '59.9510400', '10.8515300'),
(0955, 1116, 3, '59.9527400', '10.8618000'),
(0956, 1116, 3, '59.9531950', '10.8564310'),
(0957, 1116, 3, '59.9626600', '10.8632300'),
(0958, 1116, 3, '59.9642860', '10.8715080'),
(0959, 1116, 3, '59.9616500', '10.8712900'),
(0960, 1116, 3, '59.9673900', '10.8756100'),
(0962, 1116, 3, '59.9585300', '10.8866600'),
(0963, 1116, 3, '59.9641000', '10.8819200'),
(0964, 1116, 3, '59.9710500', '10.9168200'),
(0968, 1116, 3, '59.9742500', '10.9284600'),
(0969, 1116, 3, '59.9689500', '10.9277100'),
(0970, 1116, 3, '59.9633600', '10.8963700'),
(0971, 1116, 3, '59.9653400', '10.8916600'),
(0972, 1116, 3, '59.9704200', '10.8977400'),
(0973, 1116, 3, '59.9688900', '10.9021800'),
(0975, 1116, 3, '59.9469700', '10.8741700'),
(0976, 1116, 3, '59.9554300', '10.8878900'),
(0977, 1116, 3, '59.9521200', '10.9146700'),
(0978, 1116, 3, '59.9563500', '10.9103800'),
(0979, 1116, 3, '59.9507100', '10.9232000'),
(0980, 1116, 3, '59.9495700', '10.9336400'),
(0981, 1116, 3, '59.9528900', '10.9343700'),
(0982, 1116, 3, '59.9549000', '10.9335300'),
(0983, 1116, 3, '59.9589900', '10.9354100'),
(0984, 1116, 3, '59.9589900', '10.9178600'),
(0985, 1116, 3, '59.9617700', '10.9261900'),
(0986, 1116, 3, '59.9657200', '10.9244900'),
(0987, 1116, 3, '59.9653100', '10.9214200'),
(0988, 1116, 3, '59.9650400', '10.9095100'),
(1001, 1116, 4, '59.9421500', '10.8977500'),
(1003, 1116, 4, '59.9292460', '10.8791050'),
(1005, 1116, 4, '59.9469200', '10.9243600'),
(1006, 1116, 4, '59.9360900', '10.9168400'),
(1007, 1116, 4, '59.9326400', '10.8813800'),
(1008, 1116, 4, '59.8361000', '10.8043000'),
(1009, 1116, 4, '59.8361000', '10.8043000'),
(1011, 1116, 4, '59.8361000', '10.8043000'),
(1051, 1116, 3, '59.9422500', '10.8995600'),
(1052, 1116, 3, '59.9422500', '10.8923900'),
(1053, 1116, 3, '59.9446900', '10.8907600'),
(1054, 1116, 3, '59.9482000', '10.8976800'),
(1055, 1116, 3, '59.9452800', '10.9047100'),
(1056, 1116, 3, '59.9361800', '10.8963200'),
(1061, 1116, 3, '59.9338230', '10.9140800'),
(1062, 1116, 3, '59.9374400', '10.9122670'),
(1063, 1116, 3, '59.9366020', '10.9170200'),
(1064, 1116, 3, '59.9350600', '10.9224100'),
(1065, 1116, 3, '59.9380200', '10.9230900'),
(1067, 1116, 3, '59.9339300', '10.8881900'),
(1068, 1116, 3, '59.9282910', '10.8820690'),
(1069, 1116, 3, '59.9313100', '10.8772500'),
(1071, 1116, 3, '59.9288300', '10.8716500'),
(1081, 1116, 3, '59.9357800', '10.8739000'),
(1083, 1116, 3, '59.9506200', '10.8910500'),
(1084, 1116, 3, '59.9519380', '10.9023000'),
(1086, 1116, 3, '59.9428700', '10.9216300'),
(1087, 1116, 3, '59.9468100', '10.9207000'),
(1088, 1116, 3, '59.9435500', '10.9336300'),
(1089, 1116, 3, '59.9432100', '10.9415700'),
(1101, 1116, 4, '59.8732000', '10.8106900'),
(1109, 1116, 4, '59.8811100', '10.7867200'),
(1112, 1116, 4, '59.8606200', '10.8015600'),
(1150, 1116, 3, '59.8678900', '10.8139000'),
(1151, 1116, 3, '59.8696100', '10.8111400'),
(1152, 1116, 3, '59.8737000', '10.8069000'),
(1153, 1116, 3, '59.8779300', '10.8116500'),
(1154, 1116, 3, '59.8749200', '10.8190700'),
(1155, 1116, 3, '59.8687790', '10.8209730'),
(1156, 1116, 3, '59.8676900', '10.8255600'),
(1157, 1116, 3, '59.8677700', '10.8171300'),
(1158, 1116, 3, '59.8651100', '10.8217500'),
(1160, 1116, 3, '59.8725100', '10.7977900'),
(1161, 1116, 3, '59.8697000', '10.7962700'),
(1162, 1116, 3, '59.8653970', '10.7903750'),
(1163, 1116, 3, '59.8652600', '10.8025200'),
(1164, 1116, 3, '59.8587500', '10.8169400'),
(1165, 1116, 3, '59.8521490', '10.8010950'),
(1166, 1116, 3, '59.8557600', '10.7967800'),
(1167, 1116, 3, '59.8551180', '10.7897110'),
(1168, 1116, 3, '59.8457100', '10.7821400'),
(1169, 1116, 3, '59.8511600', '10.7912500'),
(1170, 1116, 3, '59.8662100', '10.7866600'),
(1172, 1116, 3, '59.8825400', '10.7715100'),
(1176, 1116, 3, '59.8763400', '10.7958800'),
(1177, 1116, 3, '59.8790800', '10.7814900'),
(1178, 1116, 3, '59.8833500', '10.7885000'),
(1179, 1116, 3, '59.8886200', '10.7735100'),
(1181, 1116, 3, '59.8976100', '10.7819800'),
(1182, 1116, 3, '59.8965360', '10.7917070'),
(1184, 1116, 3, '59.8855300', '10.7982600'),
(1185, 1116, 3, '59.8832000', '10.8056200'),
(1187, 1116, 3, '59.8815510', '10.8231700'),
(1188, 1116, 3, '59.8695800', '10.8337500'),
(1189, 1116, 3, '59.8635700', '10.8341200'),
(1201, 1116, 4, '59.8347200', '10.7948100'),
(1202, 1116, 4, '59.8347200', '10.7948100'),
(1203, 1116, 4, '59.8366600', '10.7956500'),
(1204, 1116, 4, '59.8347200', '10.7948100'),
(1205, 1116, 4, '59.8331600', '10.8070300'),
(1207, 1116, 4, '59.8269500', '10.7843400'),
(1214, 1116, 4, '59.8266800', '10.8369500'),
(1215, 1116, 4, '59.8484000', '10.8291800'),
(1250, 1116, 3, '59.8317200', '10.7712700'),
(1251, 1116, 3, '59.8285100', '10.7844500'),
(1252, 1116, 3, '59.8302700', '10.7950900'),
(1253, 1116, 3, '59.8316700', '10.7861600'),
(1254, 1116, 3, '59.8370100', '10.7878700'),
(1255, 1116, 3, '59.8346860', '10.7957410'),
(1256, 1116, 3, '59.8398400', '10.7903900'),
(1257, 1116, 3, '59.8442400', '10.7945200'),
(1258, 1116, 3, '59.8382100', '10.8001900'),
(1259, 1116, 3, '59.8305600', '10.7995100'),
(1262, 1116, 3, '59.8302100', '10.8044700'),
(1263, 1116, 3, '59.8279950', '10.8121730'),
(1266, 1116, 3, '59.8432900', '10.8090000'),
(1270, 1116, 3, '59.8328800', '10.8326800'),
(1271, 1116, 3, '59.8255600', '10.8313400'),
(1272, 1116, 3, '59.8311100', '10.8344300'),
(1273, 1116, 3, '59.8201900', '10.8364100'),
(1274, 1116, 3, '59.8224400', '10.8409100'),
(1275, 1116, 3, '59.8244790', '10.8378730'),
(1277, 1116, 3, '59.8392400', '10.8304900'),
(1278, 1116, 3, '59.8411500', '10.8352900'),
(1279, 1116, 3, '59.8444300', '10.8435100'),
(1281, 1116, 3, '59.8450600', '10.8281700'),
(1283, 1116, 3, '59.8506100', '10.8233300'),
(1284, 1116, 3, '59.8559800', '10.8273700'),
(1285, 1116, 3, '59.8544700', '10.8370000'),
(1286, 1116, 3, '59.8489300', '10.8127400'),
(1290, 1116, 3, '59.8326600', '10.8552800'),
(1291, 1116, 3, '59.8253600', '10.8512400'),
(1294, 1116, 3, '59.8215800', '10.8632700'),
(1295, 1116, 3, '59.8241100', '10.8730800'),
(1300, 1250, 4, '59.8894000', '10.5238000'),
(1301, 1250, 4, '59.8915500', '10.5267000'),
(1302, 1250, 4, '59.8915500', '10.5267000'),
(1303, 1250, 4, '59.8915500', '10.5267000'),
(1304, 1250, 1, '59.8894000', '10.5238000'),
(1305, 518, 4, '59.9175600', '10.5609200'),
(1306, 192, 4, '59.9102120', '10.5419600'),
(1309, 1188, 4, '59.9065650', '10.4979520'),
(1311, 793, 1, '59.8887430', '10.5535700'),
(1312, 1356, 4, '59.8783200', '10.5047100'),
(1313, 1771, 4, '59.9084200', '10.4752900'),
(1314, 1771, 4, '59.9085400', '10.4760800'),
(1316, 268, 4, '59.9468000', '10.6213700'),
(1317, 193, 4, '59.9424500', '10.5011900'),
(1318, 78, 4, '59.9178500', '10.5874400'),
(1319, 78, 4, '59.9178500', '10.5874400'),
(1321, 1398, 4, '59.9085400', '10.6054400'),
(1322, 656, 4, '59.8993290', '10.5796150'),
(1323, 656, 4, '59.8993640', '10.5797410'),
(1324, 911, 4, '59.9176400', '10.6280700'),
(1325, 911, 4, '59.9176400', '10.6280700'),
(1326, 911, 4, '59.9176400', '10.6280700'),
(1327, 911, 4, '59.9176400', '10.6280700'),
(1328, 656, 4, '59.8993900', '10.5797800'),
(1330, 379, 4, '59.8936100', '10.6259900'),
(1331, 379, 1, '59.8997220', '10.6289270'),
(1332, 1833, 4, '59.9437100', '10.6074200'),
(1333, 757, 4, '59.9165800', '10.5007600'),
(1334, 1198, 4, '59.9241800', '10.4859300'),
(1335, 1366, 4, '59.8819100', '10.6107100'),
(1336, 1250, 3, '59.8983400', '10.4904500'),
(1337, 1250, 3, '59.8927500', '10.5232300'),
(1338, 1250, 3, '59.8903580', '10.5145580'),
(1339, 1771, 3, '59.9084100', '10.4737200'),
(1340, 1344, 3, '59.9251800', '10.4503600'),
(1341, 1356, 3, '59.8852770', '10.5029100'),
(1342, 438, 4, '59.9086900', '10.5337800'),
(1344, 518, 3, '59.9172360', '10.5607800'),
(1346, 438, 3, '59.9053300', '10.5249010'),
(1348, 1198, 3, '59.9272500', '10.4881500'),
(1349, 1198, 3, '59.9283000', '10.4728500'),
(1350, 888, 5, '59.9556000', '10.4804900'),
(1351, 1188, 3, '59.9084000', '10.4931700'),
(1352, 757, 3, '59.9166580', '10.5004460'),
(1353, 193, 3, '59.9418790', '10.5003980'),
(1354, 193, 3, '59.9432500', '10.4958700'),
(1356, 78, 3, '59.9185000', '10.5786600'),
(1357, 78, 3, '59.9184620', '10.5872150'),
(1358, 684, 3, '59.9271890', '10.6209240'),
(1359, 268, 3, '59.9466500', '10.6224050'),
(1360, 379, 3, '59.8998100', '10.6290600'),
(1361, 1833, 3, '59.9434550', '10.6128290'),
(1362, 617, 3, '59.9349570', '10.5847260'),
(1363, 656, 3, '59.8980750', '10.5808850'),
(1364, 379, 3, '59.8949430', '10.6257530'),
(1365, 114, 3, '59.8970740', '10.5548990'),
(1366, 911, 3, '59.9088400', '10.6278700'),
(1367, 1366, 3, '59.8818310', '10.6107330'),
(1368, 1398, 3, '59.9083000', '10.6016000'),
(1369, 1398, 3, '59.9082430', '10.6014630'),
(1371, 29, 4, '59.8332400', '10.4321800'),
(1372, 29, 4, '59.8332400', '10.4321800'),
(1373, 29, 4, '59.8332400', '10.4321800'),
(1375, 86, 4, '59.8765000', '10.4795000'),
(1376, 86, 4, '59.8765000', '10.4795000'),
(1377, 86, 4, '59.8765000', '10.4795000'),
(1378, 1028, 4, '59.8558600', '10.4896300'),
(1379, 1028, 4, '59.8558600', '10.4896300'),
(1380, 537, 4, '59.7866600', '10.4363500'),
(1381, 1720, 4, '59.8149800', '10.4672800'),
(1383, 29, 3, '59.8342400', '10.4125500'),
(1384, 29, 3, '59.8445600', '10.4382400'),
(1385, 29, 3, '59.8202490', '10.3814070'),
(1386, 29, 3, '59.8174700', '10.4480100'),
(1387, 29, 3, '59.8335000', '10.4567900'),
(1388, 125, 3, '59.8201600', '10.4256000'),
(1389, 537, 3, '59.7855800', '10.4429900'),
(1390, 1751, 3, '59.8090000', '10.4852000'),
(1391, 1751, 3, '59.7890400', '10.4825200'),
(1392, 1720, 3, '59.8279140', '10.4719560'),
(1393, 1751, 4, '59.7930300', '10.4851600'),
(1394, 1028, 3, '59.8662370', '10.4906990'),
(1395, 641, 3, '59.8565100', '10.4664800'),
(1396, 86, 3, '59.8744000', '10.4848600'),
(1397, 1036, 3, '59.8704900', '10.5206500'),
(1399, 29, 4, '59.8200950', '10.3826140'),
(1400, 1310, 3, '59.7152140', '10.8381840'),
(1401, 1310, 4, '59.7180800', '10.8379800'),
(1402, 1310, 4, '59.7180800', '10.8379800'),
(1403, 836, 4, '59.7543100', '10.8448500'),
(1404, 1281, 5, '59.7912300', '10.8813000'),
(1405, 836, 3, '59.7564600', '10.8398150'),
(1406, 1310, 3, '59.7198200', '10.8140500'),
(1407, 1745, 5, '59.7392900', '10.7705900'),
(1408, 789, 3, '59.6804700', '10.8856100'),
(1409, 1337, 3, '59.6635400', '10.9476100'),
(1410, 752, 3, '59.8104060', '10.8035840'),
(1411, 752, 4, '59.8102200', '10.8037130'),
(1412, 1372, 3, '59.7998900', '10.8159800'),
(1413, 1628, 5, '59.8190400', '10.8152000'),
(1414, 1599, 3, '59.8148200', '10.7817700'),
(1415, 1104, 3, '59.7742880', '10.8037660'),
(1416, 1104, 4, '59.7739800', '10.8032300'),
(1417, 1372, 4, '59.8034000', '10.8133200'),
(1419, 1104, 4, '59.7739800', '10.8032300'),
(1420, 1485, 3, '59.7796020', '10.7456910'),
(1421, 1599, 4, '59.8173000', '10.7775300'),
(1430, 1812, 3, '59.6601540', '10.7931030'),
(1431, 1812, 4, '59.6622000', '10.7932600'),
(1432, 1812, 2, '59.6660720', '10.7663040'),
(1440, 237, 3, '59.6633410', '10.6294470'),
(1441, 237, 4, '59.6643800', '10.6278700'),
(1442, 237, 4, '59.6727800', '10.6585400'),
(1443, 1114, 3, '59.6736080', '10.6066560'),
(1444, 1315, 1, '59.6385000', '10.6438000'),
(1445, 536, 3, '59.6834400', '10.6563800'),
(1450, 1034, 3, '59.8556780', '10.6614590'),
(1451, 1034, 4, '59.8560300', '10.6610900'),
(1453, 105, 3, '59.8307560', '10.6419750'),
(1454, 304, 5, '59.7383630', '10.5951120'),
(1455, 1066, 3, '59.7368490', '10.6690980'),
(1458, 339, 3, '59.7967480', '10.6197300'),
(1459, 339, 4, '59.7942000', '10.6069000'),
(1470, 921, 3, '59.9372700', '10.9550200'),
(1471, 921, 4, '59.9270800', '10.9573600'),
(1472, 338, 3, '59.9408470', '10.9821160'),
(1473, 921, 3, '59.9284420', '10.9571460'),
(1474, 1054, 3, '59.9337960', '10.9960700'),
(1475, 330, 5, '59.9145100', '10.9680000'),
(1476, 1139, 5, '59.9238610', '10.9373400'),
(1477, 338, 4, '59.9403310', '10.9835390'),
(1478, 921, 1, '59.9329000', '10.9964000'),
(1480, 1353, 3, '60.0148500', '10.9124700'),
(1481, 490, 3, '59.9974090', '10.9184530'),
(1482, 1042, 5, '60.0587300', '10.8667200'),
(1483, 1348, 4, '59.9908740', '10.9101100'),
(1484, 492, 3, '60.0881300', '10.8685700'),
(1485, 492, 4, '60.0890200', '10.8719600'),
(1487, 492, 5, '60.1122800', '10.8615300'),
(1488, 492, 3, '60.1174810', '10.8292580'),
(1501, 987, 4, '59.4376500', '10.6669000'),
(1502, 987, 4, '59.4376500', '10.6669000'),
(1503, 987, 4, '59.4376500', '10.6669000'),
(1506, 987, 4, '59.4715900', '10.6907200'),
(1509, 987, 4, '59.4462000', '10.7031000'),
(1510, 987, 4, '59.4315800', '10.6496400'),
(1511, 987, 3, '59.4378300', '10.6398100'),
(1512, 987, 3, '59.4410600', '10.6265600'),
(1513, 987, 3, '59.4450100', '10.6430200'),
(1514, 987, 3, '59.4834500', '10.6504200'),
(1515, 987, 3, '59.4319800', '10.6425400'),
(1516, 987, 3, '59.4260200', '10.6363900'),
(1517, 987, 3, '59.4316000', '10.6316100'),
(1518, 987, 3, '59.4435400', '10.6175500'),
(1519, 987, 3, '59.4368900', '10.6122200'),
(1520, 987, 4, '59.4163800', '10.6750700'),
(1521, 987, 4, '59.4163800', '10.6750700'),
(1522, 987, 4, '59.4163800', '10.6750700'),
(1523, 987, 3, '59.4239300', '10.6778000'),
(1524, 987, 3, '59.4203500', '10.6646500'),
(1525, 987, 3, '59.4098100', '10.6625100'),
(1526, 987, 3, '59.4131900', '10.6747800'),
(1528, 987, 3, '59.4217200', '10.6878200'),
(1529, 987, 3, '59.4163090', '10.6911130'),
(1530, 987, 3, '59.4364600', '10.6669800'),
(1531, 987, 3, '59.4330000', '10.6571300'),
(1532, 987, 3, '59.4301300', '10.6654400'),
(1533, 987, 3, '59.4301400', '10.6757700'),
(1534, 987, 3, '59.4483600', '10.6803800'),
(1535, 987, 3, '59.4523200', '10.6923800'),
(1536, 987, 3, '59.4629400', '10.6942200'),
(1537, 987, 3, '59.4570400', '10.6948200'),
(1538, 987, 3, '59.4719800', '10.6938100'),
(1539, 987, 3, '59.4846060', '10.6931300'),
(1540, 1708, 3, '59.6018120', '10.7493710'),
(1541, 1708, 4, '59.6012900', '10.7488700'),
(1545, 644, 3, '59.5978400', '10.6573700'),
(1550, 654, 5, '59.5400700', '10.7382300'),
(1555, 1384, 3, '59.5235070', '10.6854810'),
(1556, 1384, 4, '59.5254100', '10.6880200'),
(1560, 837, 5, '59.3274100', '10.6797200'),
(1570, 223, 3, '59.3889000', '10.6587000'),
(1580, 1195, 3, '59.3659400', '10.7755600'),
(1581, 1195, 4, '59.3791800', '10.7577900'),
(1590, 1196, 1, '59.3870400', '10.7897100'),
(1591, 1390, 3, '59.4587730', '10.8026500'),
(1592, 1767, 5, '59.4901840', '10.8493180'),
(1593, 1494, 5, '59.4249300', '11.0102400'),
(1596, 987, 3, '59.4335100', '10.6964000'),
(1597, 987, 3, '59.4369750', '10.6899270'),
(1598, 987, 3, '59.4422700', '10.6916800'),
(1599, 987, 3, '59.4514000', '10.7267600'),
(1601, 387, 4, '59.2144800', '10.9383500'),
(1602, 387, 2, '59.2181000', '10.9298000'),
(1603, 387, 2, '59.2171000', '10.9378000'),
(1604, 387, 3, '59.2130800', '10.9556100'),
(1605, 387, 3, '59.2204700', '10.9477400'),
(1606, 387, 3, '59.2079400', '10.9454400'),
(1607, 387, 3, '59.2127700', '10.9403000'),
(1608, 387, 3, '59.2168600', '10.9334900'),
(1609, 387, 4, '59.2284100', '10.9583700'),
(1610, 387, 3, '59.2196000', '10.9248300'),
(1612, 387, 4, '59.2230600', '10.9300800'),
(1613, 387, 3, '59.2284800', '10.9338200'),
(1614, 387, 3, '59.2327700', '10.9199600'),
(1615, 387, 3, '59.2501900', '10.9238100'),
(1616, 387, 4, '59.2333400', '10.9764400'),
(1617, 387, 3, '59.2344900', '10.9694200'),
(1618, 387, 3, '59.2339700', '10.9835800'),
(1619, 387, 3, '59.2276400', '10.9702900'),
(1620, 460, 4, '59.2167700', '10.9060200'),
(1621, 460, 5, '59.2207800', '10.8717260'),
(1624, 460, 3, '59.2282200', '10.9047500'),
(1625, 931, 4, '59.2646900', '10.7881200'),
(1626, 931, 3, '59.2690000', '10.7692000'),
(1628, 284, 3, '59.2522500', '10.7439900'),
(1629, 410, 4, '59.2042100', '10.9557100'),
(1630, 410, 3, '59.1954500', '10.9631000'),
(1632, 410, 3, '59.2031900', '10.9532800'),
(1633, 410, 3, '59.2046800', '10.9686500'),
(1634, 410, 3, '59.1848600', '11.0501200'),
(1636, 410, 3, '59.2150400', '10.9743500'),
(1637, 410, 3, '59.2110200', '10.9826600'),
(1638, 410, 4, '59.2171070', '11.0083580'),
(1639, 410, 3, '59.2120100', '11.0030300'),
(1640, 1202, 3, '59.3516150', '10.8711860'),
(1641, 1202, 4, '59.3531700', '10.8637700'),
(1642, 1228, 5, '59.2950500', '10.7634400'),
(1650, 1272, 4, '59.2279220', '10.9951690'),
(1651, 1272, 3, '59.2241400', '10.9852200'),
(1653, 1272, 3, '59.2301000', '10.9947300'),
(1654, 1272, 3, '59.2273900', '11.0084200'),
(1655, 1272, 3, '59.2182990', '11.0615160'),
(1657, 1582, 3, '59.2406800', '11.0221500'),
(1658, 1582, 3, '59.2456000', '11.0164000'),
(1659, 1582, 3, '59.2612890', '11.0814970'),
(1661, 1177, 3, '59.2456800', '10.9966900'),
(1662, 1177, 4, '59.2516300', '10.9931900'),
(1663, 1177, 3, '59.2538100', '10.9916000'),
(1664, 1177, 3, '59.2631600', '11.0045800'),
(1665, 1177, 3, '59.2679400', '10.9972400'),
(1666, 1177, 3, '59.2654900', '11.0199000'),
(1667, 1177, 3, '59.2929900', '10.9963700'),
(1670, 787, 4, '59.2064500', '10.9378500'),
(1671, 787, 3, '59.2058330', '10.9385200'),
(1672, 787, 3, '59.1993900', '10.9367200'),
(1673, 787, 3, '59.1944800', '10.9382700'),
(1675, 787, 3, '59.1779070', '10.9354730'),
(1676, 787, 3, '59.1466800', '10.9403000'),
(1678, 787, 3, '59.2029800', '10.9091200'),
(1679, 787, 3, '59.1810000', '10.9286000'),
(1680, 1326, 3, '59.0269500', '11.0343500'),
(1682, 1326, 4, '59.0277700', '11.0327900'),
(1683, 1710, 4, '59.1102300', '10.9096000'),
(1684, 1710, 3, '59.1103000', '10.9256920'),
(1690, 567, 3, '58.9937000', '11.0503000'),
(1692, 1017, 3, '59.0139860', '11.0714720'),
(1701, 1256, 4, '59.2827700', '11.1086300'),
(1702, 1256, 4, '59.2827700', '11.1086300'),
(1703, 1256, 4, '59.2827700', '11.1086300'),
(1704, 1256, 4, '59.2827700', '11.1086300'),
(1705, 1256, 4, '59.2899300', '11.0965600'),
(1706, 1256, 3, '59.2822300', '11.1180000'),
(1707, 1256, 3, '59.2870800', '11.1124400'),
(1708, 1256, 3, '59.3779300', '11.1599100'),
(1709, 1256, 3, '59.2986600', '11.1091800'),
(1710, 1256, 3, '59.2951000', '11.0988900'),
(1711, 1256, 3, '59.2832000', '11.0874400'),
(1712, 473, 3, '59.2980800', '11.0510000'),
(1713, 473, 4, '59.2948300', '11.0629400'),
(1714, 1256, 6, '59.2839000', '11.1096000'),
(1715, 1779, 3, '59.2756600', '11.0622400'),
(1718, 461, 3, '59.2702800', '11.0466000'),
(1719, 461, 3, '59.2659000', '11.0350000'),
(1720, 461, 4, '59.2678900', '11.0320500'),
(1721, 1256, 3, '59.2795000', '11.1172200'),
(1722, 1256, 3, '59.2726900', '11.1072200'),
(1723, 1256, 3, '59.2818900', '11.1019300'),
(1724, 1256, 3, '59.2754000', '11.0993900'),
(1725, 1256, 3, '59.2782900', '11.0928900'),
(1726, 1256, 3, '59.2919200', '11.1317100'),
(1727, 1256, 3, '59.3019800', '11.1199100'),
(1730, 679, 5, '59.2954870', '11.2198310'),
(1733, 489, 4, '59.2916600', '11.1502430'),
(1734, 489, 3, '59.2963200', '11.1491200'),
(1735, 1687, 3, '59.3574800', '11.1881800'),
(1738, 126, 3, '59.2665400', '11.1462900'),
(1739, 126, 3, '59.2662750', '11.1766580'),
(1740, 126, 4, '59.2684300', '11.1667300'),
(1742, 733, 4, '59.2547100', '11.1759100'),
(1743, 733, 3, '59.2543400', '11.1792600'),
(1745, 1317, 4, '59.2127400', '11.1885300'),
(1746, 1317, 3, '59.2115000', '11.1903000'),
(1747, 1317, 3, '59.1915820', '11.1782460'),
(1751, 494, 4, '59.1255400', '11.3889800'),
(1752, 494, 4, '59.1255400', '11.3889800'),
(1753, 494, 4, '59.1255400', '11.3889800'),
(1754, 494, 4, '59.1255400', '11.3889800'),
(1756, 494, 1, '59.1290200', '11.3900500'),
(1757, 494, 1, '59.1279780', '11.3526620'),
(1758, 494, 1, '59.1289000', '11.3760000'),
(1760, 494, 4, '59.1404700', '11.3805100'),
(1761, 494, 4, '59.1175600', '11.4112400'),
(1763, 494, 3, '59.1899550', '11.3386930'),
(1764, 494, 3, '59.1808540', '11.4791110'),
(1765, 494, 3, '59.0162328', '11.4500430'),
(1766, 494, 3, '59.9888560', '11.5386230'),
(1767, 494, 3, '59.1191300', '11.3893900'),
(1768, 494, 3, '59.1128470', '11.3951550'),
(1769, 494, 3, '59.1075400', '11.4050300'),
(1771, 494, 3, '59.1221200', '11.3764900'),
(1772, 494, 3, '59.1261400', '11.3953900'),
(1776, 494, 3, '59.1250700', '11.3827900'),
(1777, 494, 3, '59.1307300', '11.3921900'),
(1778, 494, 3, '59.1369700', '11.3799400'),
(1779, 494, 3, '59.1385200', '11.3825600'),
(1781, 494, 3, '59.1293700', '11.3675700'),
(1782, 494, 3, '59.1371800', '11.3705900'),
(1783, 494, 3, '59.1354500', '11.3513400'),
(1784, 494, 3, '59.1426300', '11.3906100'),
(1785, 494, 3, '59.1409100', '11.4057500'),
(1786, 494, 3, '59.1325500', '11.4055700'),
(1787, 80, 4, '59.1205200', '11.3074800'),
(1788, 80, 3, '59.1179600', '11.3070300'),
(1789, 80, 3, '59.1255000', '11.2918000'),
(1790, 1558, 4, '59.1228800', '11.4473800'),
(1791, 1558, 3, '59.1363670', '11.4406440'),
(1792, 1558, 3, '59.1263710', '11.4437740'),
(1793, 1558, 3, '59.1133100', '11.4326600'),
(1794, 1395, 3, '59.0988200', '11.2279700'),
(1796, 773, 3, '58.9376100', '11.6687600'),
(1798, 22, 3, '59.2222000', '11.6993000'),
(1799, 22, 4, '59.2462000', '11.6828000'),
(1801, 30, 4, '59.5825300', '11.1651200'),
(1802, 30, 4, '59.5825300', '11.1651200'),
(1803, 30, 4, '59.5751020', '11.1911630'),
(1804, 1396, 4, '59.6151700', '11.0803300'),
(1805, 1576, 4, '59.6613950', '10.9997280'),
(1806, 1316, 4, '59.4736000', '11.1614800'),
(1807, 30, 3, '59.5904700', '11.1750300'),
(1808, 30, 3, '59.5965300', '11.1826900'),
(1809, 30, 3, '59.5852600', '11.1824500'),
(1811, 30, 3, '59.5794900', '11.1814900'),
(1812, 30, 3, '59.5936000', '11.1918700'),
(1813, 30, 3, '59.5767400', '11.1657100'),
(1814, 30, 3, '59.5949900', '11.1870500'),
(1815, 30, 3, '59.5767800', '11.1317700'),
(1816, 1316, 3, '59.4677900', '11.1629900'),
(1820, 1396, 3, '59.6152510', '11.0793940'),
(1823, 744, 3, '59.6205850', '11.0315820'),
(1825, 1576, 3, '59.6610320', '11.0001790'),
(1827, 592, 5, '59.5586600', '10.8456400'),
(1830, 30, 3, '59.5828900', '11.1623500'),
(1831, 30, 3, '59.5822100', '11.1521600'),
(1832, 30, 3, '59.5986200', '11.1260100'),
(1850, 1000, 3, '59.5542760', '11.3239680'),
(1851, 1000, 4, '59.5538600', '11.3240800'),
(1859, 1361, 3, '59.5836500', '11.2633500'),
(1860, 1607, 3, '59.6386000', '11.3155810'),
(1861, 1607, 4, '59.6408200', '11.3164100'),
(1866, 189, 3, '59.7075900', '11.2945300'),
(1867, 189, 4, '59.6950000', '11.2953000'),
(1870, 1828, 3, '59.4767300', '11.6598500'),
(1871, 1828, 4, '59.4806600', '11.6616000'),
(1875, 1121, 3, '59.3518100', '11.7144500'),
(1878, 653, 3, '59.5532650', '11.4237110'),
(1880, 251, 3, '59.5130100', '11.3051000'),
(1890, 1132, 3, '59.4283160', '11.3437560'),
(1891, 1132, 4, '59.4168700', '11.3503200'),
(1892, 220, 3, '59.3543300', '11.4235500'),
(1893, 220, 4, '59.3563200', '11.4220200'),
(1900, 317, 3, '59.9276250', '11.1612940'),
(1901, 317, 4, '59.9277200', '11.1633600'),
(1903, 412, 3, '59.8646000', '11.2208000'),
(1910, 281, 3, '59.7847000', '11.2612000'),
(1911, 350, 5, '59.8345520', '11.1408400'),
(1912, 280, 5, '59.7636790', '11.1459730'),
(1914, 1775, 5, '59.7216000', '11.0567000'),
(1920, 1532, 3, '59.9828700', '11.2419100'),
(1921, 1532, 4, '59.9866400', '11.2471500'),
(1923, 1531, 5, '60.0206600', '11.2274600'),
(1925, 109, 5, '60.0043930', '11.3020130'),
(1927, 1205, 3, '60.0301700', '11.3341800'),
(1929, 37, 5, '60.0340100', '11.3509800'),
(1930, 42, 5, '59.9269400', '11.4491900'),
(1940, 104, 3, '59.8838990', '11.5705780'),
(1941, 104, 4, '59.8838000', '11.5708800'),
(1950, 1212, 3, '59.7497000', '11.8112000'),
(1954, 1280, 3, '59.8266000', '11.7217000'),
(1960, 918, 5, '59.7951700', '11.4645300'),
(1963, 384, 3, '59.8197980', '11.4863910'),
(1970, 556, 5, '59.7205600', '11.4541700'),
(2000, 875, 3, '59.9562140', '11.0491560'),
(2001, 875, 4, '59.9557100', '11.0459500'),
(2003, 875, 3, '59.9622600', '11.0412800'),
(2004, 875, 3, '59.9536900', '11.0637400'),
(2005, 1207, 5, '59.9464900', '11.0294000'),
(2006, 923, 5, '59.9374500', '11.0215600'),
(2007, 722, 3, '59.9743700', '11.0465900'),
(2008, 340, 3, '59.9225100', '11.0681700'),
(2009, 1053, 3, '59.8653970', '11.0939600'),
(2010, 1459, 3, '59.9481340', '11.0047820'),
(2011, 1459, 4, '59.9480300', '11.0052200'),
(2012, 875, 4, '59.9533000', '11.0490000'),
(2013, 1320, 3, '59.9676850', '10.9994280'),
(2014, 116, 3, '59.9311510', '11.0385830'),
(2015, 853, 3, '59.9922100', '11.1053700'),
(2016, 392, 5, '60.0241630', '11.1017600'),
(2019, 1308, 3, '59.9916400', '11.0348400'),
(2020, 1308, 3, '60.0045430', '11.0329200'),
(2021, 1308, 4, '60.0011900', '11.0401400'),
(2022, 431, 3, '60.0794850', '11.0218530'),
(2024, 431, 4, '60.0727600', '11.0324700'),
(2025, 340, 4, '59.9323600', '11.0673500'),
(2026, 1320, 4, '59.9670700', '10.9994800'),
(2027, 722, 4, '59.9688200', '11.0520400'),
(2030, 1011, 3, '60.2224240', '11.0141290'),
(2031, 1011, 4, '60.2237100', '11.0300800'),
(2032, 941, 5, '60.2584800', '11.0343100'),
(2033, 1816, 3, '60.1711900', '10.9860490'),
(2034, 604, 5, '60.1363300', '11.0239900'),
(2040, 742, 3, '60.0768360', '11.1369380'),
(2041, 742, 4, '60.0761300', '11.1375100'),
(2050, 689, 3, '60.1433420', '11.1739260'),
(2051, 689, 4, '60.1413800', '11.1723300'),
(2052, 689, 3, '60.1406070', '11.2110480'),
(2054, 975, 3, '60.2299500', '11.1636600'),
(2055, 1060, 3, '60.1854140', '11.2629180'),
(2056, 9, 3, '60.1445170', '11.2517750'),
(2057, 689, 4, '60.1408400', '11.2114400'),
(2058, 1279, 1, '60.2371100', '11.1449400'),
(2059, 1591, 1, '60.2140000', '11.1229000'),
(2060, 413, 3, '60.1940000', '11.0994000'),
(2061, 413, 4, '60.1940000', '11.0994000'),
(2065, 413, 4, '60.1413800', '11.1723300'),
(2070, 1203, 3, '60.2809940', '11.1750110'),
(2071, 1203, 4, '60.2807400', '11.1751400'),
(2072, 210, 3, '60.2490440', '11.2076530'),
(2073, 202, 3, '60.2916000', '11.1964500'),
(2074, 258, 3, '60.2998100', '11.1620900'),
(2076, 210, 4, '60.2490230', '11.2076850'),
(2080, 257, 3, '60.3275700', '11.2598900'),
(2081, 257, 4, '60.3275700', '11.2598900'),
(2090, 632, 3, '60.4350760', '11.0655930'),
(2091, 632, 4, '60.4280670', '11.0644770'),
(2092, 961, 5, '60.4030600', '11.2427700'),
(2093, 315, 3, '60.4838160', '11.1536980'),
(2100, 1300, 3, '60.2522280', '11.6813420'),
(2101, 1300, 4, '60.2550000', '11.6802800'),
(2110, 1362, 3, '60.2794510', '11.7703910'),
(2114, 226, 3, '60.2023200', '11.6414300'),
(2116, 1238, 3, '60.2273000', '11.8089000'),
(2120, 1223, 5, '60.3922750', '11.5420720'),
(2123, 166, 3, '60.4409840', '11.4812610'),
(2130, 743, 5, '60.4685150', '11.6221420'),
(2133, 414, 5, '60.4253800', '11.6401000'),
(2134, 49, 3, '60.3784060', '11.6925430'),
(2150, 1809, 3, '60.1239160', '11.4659930'),
(2151, 1809, 4, '60.1228200', '11.4675800'),
(2160, 1753, 5, '60.1516600', '11.4118200'),
(2162, 169, 3, '60.2093800', '11.3314600'),
(2164, 1329, 5, '60.2289100', '11.5115600'),
(2165, 642, 5, '60.1261200', '11.3397000'),
(2166, 1102, 3, '60.1774800', '11.5146400'),
(2170, 316, 5, '60.2198030', '11.3914060'),
(2201, 765, 4, '60.1910900', '11.9962200'),
(2202, 765, 4, '60.1910900', '11.9962200'),
(2203, 765, 4, '60.1867200', '12.0081000'),
(2204, 765, 4, '60.1867200', '12.0081000'),
(2205, 765, 4, '60.1867200', '12.0081000'),
(2206, 765, 4, '60.1793300', '12.0186000'),
(2208, 765, 3, '60.1836300', '11.9898300'),
(2209, 765, 3, '60.1774100', '12.0298300'),
(2210, 453, 3, '60.1444960', '12.0662100'),
(2211, 765, 3, '60.1749470', '12.0239780'),
(2212, 765, 3, '60.1919530', '11.9990340'),
(2213, 765, 3, '60.1945770', '12.0083470'),
(2214, 765, 3, '60.2011300', '11.9894600'),
(2216, 1186, 5, '60.2532500', '12.0563000'),
(2217, 595, 3, '60.2788130', '12.1178800'),
(2218, 902, 3, '60.2979560', '12.2718600'),
(2219, 139, 3, '60.3171730', '12.0161680'),
(2220, 1780, 3, '60.1118360', '12.1173650'),
(2223, 409, 3, '60.1947910', '11.8837340'),
(2224, 46, 5, '60.0965300', '12.3215700'),
(2225, 765, 1, '60.1738370', '12.0167580'),
(2226, 765, 2, '60.1905000', '11.9977000'),
(2230, 1339, 5, '59.9858900', '12.1230500'),
(2232, 1568, 3, '59.9741710', '12.0577980'),
(2233, 1712, 3, '59.9359240', '11.9917090'),
(2235, 938, 3, '60.0290570', '12.1245950'),
(2240, 924, 5, '59.9497800', '12.2031000'),
(2242, 982, 3, '59.9313450', '12.2362280'),
(2256, 471, 5, '60.4187100', '12.4040400'),
(2260, 720, 3, '60.4559060', '12.0591560'),
(2261, 720, 4, '60.4564000', '12.0582000'),
(2264, 465, 3, '60.4076900', '12.0519200'),
(2265, 1008, 3, '60.4965400', '12.0800800'),
(2266, 26, 3, '60.5523850', '12.0228800'),
(2270, 360, 3, '60.6130490', '12.0109470'),
(2271, 360, 4, '60.6134500', '12.0104900'),
(2280, 437, 3, '60.6784000', '12.0244000'),
(2283, 1819, 3, '60.6668800', '12.3264000'),
(2301, 500, 4, '60.8112740', '11.0366250'),
(2302, 500, 4, '60.7942200', '11.0742100'),
(2303, 500, 4, '60.7942200', '11.0742100'),
(2304, 500, 4, '60.7942200', '11.0742100'),
(2305, 500, 4, '60.8009200', '11.0466600'),
(2306, 500, 4, '60.7947560', '11.0832520'),
(2307, 500, 4, '60.7944630', '11.0738540'),
(2308, 500, 4, '60.7945000', '11.0680000');
INSERT INTO `postal_zip_codes` (`zip`, `place_id`, `comment_id`, `lat`, `lon`) VALUES
(2309, 500, 4, '60.8398920', '11.0940460'),
(2312, 1123, 5, '60.7840300', '11.1091100'),
(2315, 500, 3, '60.8013520', '11.0625670'),
(2316, 500, 3, '60.8053900', '11.0374200'),
(2317, 500, 3, '60.7953400', '11.0725700'),
(2318, 500, 5, '60.7942200', '11.0742100'),
(2319, 500, 3, '60.8117400', '11.0725300'),
(2320, 397, 5, '60.8301600', '11.0665600'),
(2321, 500, 3, '60.7951600', '11.0950700'),
(2322, 1161, 5, '60.8065020', '11.1346010'),
(2323, 672, 3, '60.8276000', '11.1336600'),
(2324, 1674, 5, '60.8451400', '11.1999000'),
(2325, 500, 1, '60.7944420', '11.0785960'),
(2326, 500, 2, '60.7945000', '11.0680000'),
(2330, 1668, 5, '60.6851500', '11.3437000'),
(2332, 1820, 3, '60.7090180', '11.3766000'),
(2334, 1178, 5, '60.7368600', '11.2918600'),
(2335, 1405, 3, '60.7167230', '11.1913350'),
(2336, 1405, 4, '60.7203700', '11.1946100'),
(2337, 1543, 5, '60.6176100', '11.2672200'),
(2338, 292, 3, '60.5817720', '11.2721660'),
(2340, 922, 3, '60.8194770', '11.3422680'),
(2341, 922, 4, '60.8206800', '11.3449200'),
(2344, 666, 5, '60.7748800', '11.2245500'),
(2345, 1781, 3, '60.7878000', '11.3194300'),
(2350, 1027, 5, '60.7625100', '10.9402400'),
(2353, 1414, 5, '60.8044190', '10.8392040'),
(2355, 418, 3, '60.8683130', '10.7753130'),
(2360, 1189, 5, '60.9157000', '10.8159000'),
(2364, 1085, 3, '60.9740900', '10.7763000'),
(2365, 1818, 3, '61.0347370', '10.7470750'),
(2372, 172, 5, '61.0280100', '10.5578900'),
(2380, 163, 3, '60.8849230', '10.9417710'),
(2381, 163, 4, '60.8851400', '10.9414500'),
(2390, 973, 3, '60.9296400', '10.7009200'),
(2391, 973, 4, '60.9295500', '10.7009300'),
(2401, 279, 4, '60.8791300', '11.5654400'),
(2402, 279, 4, '60.8791300', '11.5654400'),
(2403, 279, 4, '60.8791300', '11.5654400'),
(2405, 279, 4, '60.8863900', '11.5372300'),
(2406, 279, 3, '60.8803600', '11.5516600'),
(2407, 279, 5, '60.8791300', '11.5654400'),
(2408, 279, 3, '60.8936500', '11.5610100'),
(2409, 279, 5, '60.9025000', '11.5639480'),
(2410, 569, 5, '60.9249400', '11.6250500'),
(2411, 279, 3, '60.8918100', '11.5436300'),
(2412, 1529, 3, '60.9435450', '11.7800900'),
(2415, 563, 5, '60.8225800', '11.6374500'),
(2416, 698, 3, '60.8072000', '11.7027600'),
(2418, 279, 2, '60.8819000', '11.5623000'),
(2420, 1605, 3, '61.3125130', '12.2685100'),
(2421, 1605, 4, '61.3155000', '12.2642000'),
(2422, 1079, 5, '61.2609900', '12.3226100'),
(2423, 1832, 5, '61.2543100', '12.5323600'),
(2425, 882, 5, '61.3841000', '12.6847700'),
(2427, 1127, 3, '61.1314000', '12.5078000'),
(2428, 1523, 5, '61.1072200', '11.9812100'),
(2429, 1632, 3, '61.1331000', '12.1111000'),
(2430, 694, 5, '61.4208000', '12.1402600'),
(2432, 1358, 3, '61.3727740', '11.9549270'),
(2435, 140, 5, '60.7252100', '11.7991800'),
(2436, 1766, 5, '60.6706400', '11.8356100'),
(2437, 517, 3, '60.6512800', '11.8703500'),
(2438, 457, 3, '60.8829500', '12.2349500'),
(2440, 287, 5, '61.7570300', '11.9604200'),
(2443, 235, 5, '61.8912400', '12.0301100'),
(2446, 273, 3, '62.1671050', '11.9420990'),
(2448, 1512, 3, '62.0919330', '11.6505720'),
(2450, 1153, 3, '61.1323600', '11.3729750'),
(2451, 1153, 4, '61.1324700', '11.3735800'),
(2460, 1115, 5, '61.3011200', '11.7644800'),
(2476, 33, 3, '61.7316000', '10.8310600'),
(2477, 1379, 3, '61.7878150', '10.2269840'),
(2478, 507, 3, '61.8379660', '10.8804990'),
(2480, 770, 3, '61.5703770', '11.0465810'),
(2481, 770, 4, '61.5704500', '11.0494000'),
(2485, 1154, 5, '61.8922200', '11.0774000'),
(2500, 1621, 3, '62.2747920', '10.7763430'),
(2501, 1621, 4, '62.2789100', '10.7759000'),
(2510, 1620, 3, '62.1268040', '10.8004190'),
(2512, 807, 5, '62.5660680', '10.3253460'),
(2540, 1571, 5, '62.4105700', '10.9909600'),
(2542, 1739, 3, '62.4206000', '10.8662000'),
(2544, 1836, 3, '62.2088000', '11.4816000'),
(2550, 1113, 5, '62.4961700', '11.2235500'),
(2552, 215, 3, '62.5278000', '11.1086000'),
(2555, 1610, 3, '62.3030000', '11.7195000'),
(2560, 13, 3, '62.1085400', '10.6332210'),
(2561, 13, 4, '62.1083700', '10.6326100'),
(2580, 375, 3, '62.1376200', '9.9899600'),
(2581, 375, 4, '62.1343600', '9.9936400'),
(2582, 463, 3, '62.1554010', '10.1709370'),
(2584, 214, 3, '62.1801900', '9.7982900'),
(2601, 873, 4, '61.1187400', '10.4613800'),
(2602, 873, 4, '61.1187400', '10.4613800'),
(2603, 873, 4, '61.1187400', '10.4613800'),
(2604, 873, 4, '61.1187400', '10.4613800'),
(2605, 873, 4, '61.1275600', '10.4527200'),
(2606, 873, 4, '61.1187400', '10.4613800'),
(2607, 1740, 5, '61.0449700', '10.4302200'),
(2608, 873, 5, '61.1044390', '10.4315190'),
(2609, 873, 5, '61.1187400', '10.4613800'),
(2610, 958, 5, '61.1026000', '10.6989000'),
(2611, 873, 5, '61.0996120', '10.5082190'),
(2612, 1293, 5, '61.1529480', '10.6916710'),
(2613, 873, 3, '61.1018800', '10.4755700'),
(2614, 873, 3, '61.0978600', '10.4852300'),
(2615, 873, 3, '61.1218000', '10.4591500'),
(2616, 880, 3, '61.0705980', '10.6279850'),
(2617, 873, 1, '61.1571400', '10.3711600'),
(2618, 873, 3, '61.1334700', '10.4593060'),
(2619, 873, 3, '61.1282500', '10.4463600'),
(2624, 873, 5, '61.1275600', '10.4527200'),
(2625, 403, 5, '61.1535500', '10.3915600'),
(2626, 873, 2, '61.1151000', '10.4663000'),
(2629, 873, 1, '61.1126000', '10.4724000'),
(2630, 1164, 3, '61.5304600', '10.1398900'),
(2631, 1164, 4, '61.5304600', '10.1398900'),
(2632, 1701, 3, '61.5935780', '10.0513740'),
(2633, 404, 4, '61.4552100', '10.1954500'),
(2634, 404, 3, '61.4576200', '10.1969000'),
(2635, 1595, 5, '61.3184200', '10.3002900'),
(2636, 1846, 3, '61.2649933', '10.4129680'),
(2637, 1846, 4, '61.2419000', '10.4395900'),
(2639, 1744, 4, '61.5936200', '9.7534100'),
(2640, 1744, 3, '61.5938230', '9.7530420'),
(2642, 798, 5, '61.6647470', '9.6806940'),
(2643, 1349, 5, '61.5294000', '9.4162000'),
(2645, 1515, 4, '61.5766100', '9.8623100'),
(2646, 484, 3, '61.5057000', '9.7842000'),
(2647, 1515, 3, '61.5552000', '9.9407000'),
(2648, 1515, 4, '61.5555100', '9.9400600'),
(2649, 1834, 4, '61.2270700', '10.2289500'),
(2651, 1834, 3, '61.2572000', '10.1563000'),
(2652, 1493, 3, '61.2950300', '10.1878000'),
(2653, 1714, 5, '61.2001000', '10.1474000'),
(2656, 376, 5, '61.2170400', '10.2832400'),
(2657, 1486, 3, '61.3393030', '9.7723990'),
(2658, 293, 3, '61.4389930', '9.4955070'),
(2659, 229, 4, '62.0733500', '9.1260800'),
(2660, 229, 3, '62.0769400', '9.1291100'),
(2661, 590, 3, '62.2231000', '9.5502000'),
(2662, 230, 3, '61.9884310', '9.2481710'),
(2663, 231, 3, '61.9204000', '9.3385000'),
(2664, 230, 4, '61.9868500', '9.2487800'),
(2665, 863, 5, '62.1183900', '8.8588300'),
(2666, 894, 3, '62.1483000', '8.6868000'),
(2667, 865, 3, '62.1919000', '8.5419000'),
(2668, 864, 3, '62.2327000', '8.3566000'),
(2669, 101, 3, '62.2580000', '8.2058000'),
(2670, 1120, 3, '61.7704540', '9.5397270'),
(2672, 1267, 5, '61.8464000', '9.4142000'),
(2673, 657, 3, '61.8968000', '9.4769000'),
(2674, 1001, 3, '61.8124000', '9.6820000'),
(2675, 1120, 4, '61.7719000', '9.5353900'),
(2676, 540, 5, '61.7556300', '9.2997300'),
(2677, 1019, 3, '61.7093000', '9.4304000'),
(2680, 1764, 3, '61.8734310', '9.0946480'),
(2682, 826, 5, '61.8174810', '9.2757230'),
(2683, 1552, 3, '61.8477670', '8.9610670'),
(2684, 1764, 4, '61.8768400', '9.0961220'),
(2685, 415, 3, '61.8486580', '8.8049410'),
(2686, 886, 3, '61.8375000', '8.5697220'),
(2687, 208, 3, '61.7205000', '8.3464000'),
(2688, 886, 4, '61.8378700', '8.5684800'),
(2690, 1324, 3, '61.8821700', '8.2651090'),
(2693, 1052, 3, '61.9147150', '8.0929330'),
(2694, 1324, 4, '61.8849300', '8.2636100'),
(2695, 468, 3, '62.0143600', '7.6305200'),
(2711, 452, 4, '60.3560800', '10.5719200'),
(2712, 137, 4, '60.4220900', '10.5015400'),
(2713, 1170, 4, '60.2871300', '10.6284800'),
(2714, 685, 4, '60.3936100', '10.5593800'),
(2715, 903, 4, '60.3034900', '10.5845000'),
(2716, 513, 4, '60.2072900', '10.7129100'),
(2717, 470, 4, '60.2570200', '10.6613300'),
(2718, 137, 4, '60.4188400', '10.5091400'),
(2720, 466, 3, '60.3010100', '10.4859700'),
(2730, 903, 3, '60.2961700', '10.5808300'),
(2740, 1170, 3, '60.2909000', '10.6159000'),
(2742, 470, 3, '60.2568000', '10.6520700'),
(2743, 513, 3, '60.1976000', '10.7159000'),
(2750, 452, 3, '60.3587580', '10.5709080'),
(2760, 137, 3, '60.4188630', '10.5084660'),
(2770, 685, 3, '60.3948410', '10.5574750'),
(2801, 443, 4, '60.7946830', '10.6893900'),
(2802, 443, 4, '60.7957000', '10.6916000'),
(2803, 443, 4, '60.7957000', '10.6916000'),
(2804, 443, 4, '60.7957000', '10.6916000'),
(2805, 443, 4, '60.7809200', '10.6907500'),
(2806, 443, 4, '60.7957000', '10.6916000'),
(2807, 631, 4, '60.7864000', '10.6412000'),
(2808, 443, 2, '60.7957000', '10.6916000'),
(2809, 443, 2, '60.7957000', '10.6916000'),
(2810, 443, 2, '60.7957000', '10.6916000'),
(2811, 631, 4, '60.7859400', '10.6418700'),
(2815, 443, 3, '60.7877000', '10.6865600'),
(2816, 443, 3, '60.7627900', '10.7281400'),
(2817, 443, 3, '60.7696300', '10.6872300'),
(2818, 443, 3, '60.7760570', '10.6758180'),
(2819, 443, 5, '60.8017290', '10.6796980'),
(2820, 1068, 3, '60.7411000', '10.7592000'),
(2821, 443, 3, '60.7955800', '10.6793400'),
(2822, 180, 3, '60.8030000', '10.5841000'),
(2825, 443, 3, '60.8211300', '10.6658300'),
(2827, 631, 3, '60.7864900', '10.6403900'),
(2830, 1142, 3, '60.7261040', '10.6134010'),
(2831, 1142, 4, '60.7285700', '10.6153000'),
(2832, 88, 4, '60.9555500', '10.6112100'),
(2836, 88, 5, '60.9593000', '10.6077000'),
(2837, 89, 3, '61.0013700', '10.4854300'),
(2838, 1368, 5, '60.8809100', '10.3832500'),
(2839, 1839, 3, '60.9439000', '10.2207400'),
(2840, 1148, 3, '60.6810000', '10.6246000'),
(2843, 270, 3, '60.6286700', '10.5985450'),
(2846, 207, 5, '60.6646200', '10.6747400'),
(2847, 753, 5, '60.6493900', '10.7417800'),
(2848, 1341, 3, '60.6531620', '10.9344460'),
(2849, 707, 3, '60.7143200', '10.8509900'),
(2850, 859, 3, '60.6745800', '10.8132300'),
(2851, 859, 4, '60.6732500', '10.8126700'),
(2853, 1148, 4, '60.6830980', '10.6165010'),
(2854, 270, 4, '60.6286700', '10.5982600'),
(2857, 1341, 4, '60.6519100', '10.9384000'),
(2858, 707, 4, '60.7141900', '10.8617400'),
(2860, 619, 3, '60.6993300', '10.3509600'),
(2861, 829, 3, '60.8340200', '10.3048700'),
(2862, 364, 3, '60.7710800', '10.2479300'),
(2864, 305, 3, '60.6711200', '10.3649000'),
(2866, 286, 3, '60.5531400', '10.3352300'),
(2867, 619, 4, '60.6995800', '10.3524300'),
(2870, 227, 3, '60.8360030', '10.0699140'),
(2879, 1090, 3, '60.8033000', '10.1703000'),
(2880, 1049, 5, '61.0128000', '9.9188000'),
(2881, 43, 3, '60.9505000', '10.1389000'),
(2882, 227, 4, '60.8361500', '10.0700900'),
(2890, 297, 3, '60.8871990', '9.6441080'),
(2893, 297, 4, '60.8873350', '9.6431640'),
(2900, 303, 3, '60.9859530', '9.2366970'),
(2901, 303, 4, '60.9858000', '9.2380000'),
(2907, 851, 4, '60.9717800', '9.2879210'),
(2910, 38, 5, '60.9206000', '9.4192000'),
(2917, 1340, 3, '61.0253720', '9.1687770'),
(2918, 1638, 3, '60.9990420', '9.1123870'),
(2920, 851, 3, '60.9720500', '9.2920100'),
(2923, 1557, 3, '60.8691000', '9.2176000'),
(2929, 52, 4, '60.8228100', '9.5534000'),
(2930, 52, 3, '60.8228460', '9.5537070'),
(2933, 1147, 3, '60.8288080', '9.4952770'),
(2936, 73, 3, '60.6476000', '9.7834000'),
(2937, 72, 3, '60.7799000', '9.7486000'),
(2939, 538, 4, '61.1433000', '9.0694800'),
(2940, 538, 3, '61.1438000', '9.0694000'),
(2943, 1174, 3, '61.0654700', '9.1587000'),
(2950, 1298, 3, '61.1975360', '8.9807000'),
(2952, 75, 3, '61.2434870', '8.8666530'),
(2953, 76, 5, '61.2491400', '8.9060100'),
(2959, 1213, 4, '61.0331100', '9.0543700'),
(2960, 1213, 3, '61.0334790', '9.0546230'),
(2966, 1359, 5, '61.0875100', '8.9815200'),
(2967, 887, 3, '61.1357680', '8.8831920'),
(2973, 1194, 5, '61.1376060', '8.8212570'),
(2974, 1673, 4, '61.1266600', '8.5902900'),
(2975, 1673, 3, '61.1251070', '8.5736170'),
(2977, 1845, 3, '61.1814460', '8.3900690'),
(2985, 1619, 3, '61.2016000', '8.2345000'),
(3001, 233, 4, '59.7441200', '10.2037600'),
(3002, 233, 4, '59.7411700', '10.2228800'),
(3003, 233, 4, '59.7387700', '10.2050100'),
(3004, 233, 2, '59.7492900', '10.1968200'),
(3005, 233, 4, '59.7425300', '10.1579600'),
(3006, 233, 4, '59.7176900', '10.1499300'),
(3007, 233, 4, '59.7439450', '10.2044910'),
(3008, 233, 2, '59.7447400', '10.2062400'),
(3011, 233, 3, '59.7458900', '10.2246800'),
(3012, 233, 3, '59.7423300', '10.2242500'),
(3013, 233, 3, '59.7373400', '10.2265600'),
(3014, 233, 3, '59.7485700', '10.2190200'),
(3015, 233, 3, '59.7438300', '10.2122900'),
(3016, 233, 3, '59.7488300', '10.2051700'),
(3017, 233, 3, '59.7443700', '10.2031400'),
(3018, 233, 3, '59.7489100', '10.1837200'),
(3019, 233, 3, '59.7473700', '10.1958300'),
(3020, 233, 1, '59.7336700', '10.1679200'),
(3021, 233, 3, '59.7550100', '10.1799300'),
(3022, 233, 3, '59.7536280', '10.1675530'),
(3023, 233, 5, '59.7506400', '10.1624000'),
(3024, 233, 5, '59.7538000', '10.1369800'),
(3025, 233, 3, '59.7573900', '10.1480700'),
(3026, 233, 3, '59.7584050', '10.1450160'),
(3027, 233, 3, '59.7527300', '10.1261200'),
(3028, 233, 5, '59.7567000', '10.1237200'),
(3029, 233, 3, '59.7616000', '10.1267300'),
(3030, 233, 3, '59.7289100', '10.1462900'),
(3031, 233, 3, '59.7232420', '10.1433850'),
(3032, 233, 3, '59.7097800', '10.1546500'),
(3033, 233, 3, '59.7188800', '10.1598400'),
(3034, 233, 5, '59.7210400', '10.2169600'),
(3035, 233, 3, '59.7112000', '10.2264000'),
(3036, 233, 3, '59.6961700', '10.2442700'),
(3037, 233, 3, '59.6953700', '10.2992700'),
(3038, 233, 5, '59.7120200', '10.2571500'),
(3039, 233, 3, '59.6862870', '10.2450140'),
(3040, 233, 3, '59.7273700', '10.2411900'),
(3041, 233, 3, '59.7270100', '10.2218200'),
(3042, 233, 3, '59.7229500', '10.2051100'),
(3043, 233, 3, '59.7289900', '10.2081400'),
(3044, 233, 3, '59.7396820', '10.2019210'),
(3045, 233, 3, '59.7397800', '10.1901500'),
(3046, 233, 3, '59.7332580', '10.1934460'),
(3047, 233, 3, '59.7384390', '10.1715800'),
(3048, 233, 3, '59.7449150', '10.1443290'),
(3050, 970, 3, '59.7501900', '10.0093700'),
(3051, 970, 4, '59.7501900', '10.0093700'),
(3053, 1415, 3, '59.7596800', '9.9642800'),
(3054, 786, 4, '59.7561500', '9.9991500'),
(3055, 786, 3, '59.7598530', '9.9985890'),
(3056, 1377, 4, '59.7638000', '10.0779000'),
(3057, 1377, 3, '59.7631000', '10.0736000'),
(3058, 1378, 3, '59.7596300', '10.0523600'),
(3060, 1490, 3, '59.6134930', '10.4087130'),
(3061, 1490, 4, '59.6178300', '10.4092800'),
(3070, 1235, 3, '59.5851520', '10.2080800'),
(3071, 1235, 4, '59.5868000', '10.2078200'),
(3075, 82, 3, '59.5501550', '10.3847730'),
(3080, 600, 3, '59.4872860', '10.3003260'),
(3081, 600, 4, '59.4876600', '10.3186900'),
(3087, 133, 4, '59.4999400', '10.2571900'),
(3088, 133, 4, '59.4896600', '10.2937300'),
(3090, 593, 5, '59.5296200', '10.0882200'),
(3092, 1471, 3, '59.5131400', '10.1270100'),
(3095, 254, 5, '59.5956230', '10.0395730'),
(3101, 1631, 4, '59.2692600', '10.4101500'),
(3103, 1631, 4, '59.2782700', '10.4016460'),
(3104, 1631, 4, '59.2782700', '10.4016460'),
(3105, 1631, 4, '59.2743800', '10.4252900'),
(3106, 1088, 4, '59.2519900', '10.4165000'),
(3107, 1276, 4, '59.2827100', '10.3315400'),
(3108, 1692, 4, '59.2628300', '10.3626400'),
(3109, 1631, 4, '59.2921300', '10.4195800'),
(3110, 1631, 3, '59.2659600', '10.4187100'),
(3111, 1631, 3, '59.2726400', '10.4073400'),
(3112, 1631, 3, '59.2667200', '10.4226100'),
(3113, 1631, 5, '59.2666000', '10.4535500'),
(3114, 1631, 3, '59.2915700', '10.4682300'),
(3115, 1631, 3, '59.2599700', '10.3952800'),
(3116, 1631, 3, '59.2716100', '10.4166100'),
(3117, 1631, 3, '59.2768700', '10.4226600'),
(3118, 1631, 3, '59.2780500', '10.4411800'),
(3119, 1631, 4, '59.2519900', '10.4165000'),
(3120, 1088, 3, '59.2458700', '10.4210100'),
(3121, 1088, 3, '59.2509400', '10.4079300'),
(3122, 1631, 3, '59.2916300', '10.4223000'),
(3123, 1631, 3, '59.3037700', '10.4237100'),
(3124, 1631, 3, '59.2512270', '10.4730180'),
(3125, 1631, 3, '59.2806500', '10.4012500'),
(3126, 1631, 3, '59.2651790', '10.4093960'),
(3127, 1631, 3, '59.2581160', '10.4151680'),
(3128, 1088, 3, '59.2621700', '10.3950100'),
(3131, 640, 4, '59.2357900', '10.4518900'),
(3132, 640, 3, '59.2350900', '10.4500500'),
(3133, 238, 3, '59.2145700', '10.4513300'),
(3135, 1587, 3, '59.1771500', '10.4383100'),
(3137, 1587, 4, '59.1785100', '10.4406400'),
(3138, 1297, 3, '59.2051620', '10.4423550'),
(3139, 1297, 4, '59.2053400', '10.4422600'),
(3140, 1088, 3, '59.2033700', '10.4099600'),
(3141, 729, 4, '59.1771100', '10.3876100'),
(3142, 1719, 3, '59.2446440', '10.3956090'),
(3143, 729, 3, '59.1774000', '10.3878700'),
(3144, 1699, 5, '59.1514400', '10.3495700'),
(3145, 1564, 3, '59.1171210', '10.3940960'),
(3147, 1705, 3, '59.0580500', '10.4080000'),
(3148, 643, 3, '59.0791200', '10.4420600'),
(3150, 1573, 3, '59.2747000', '10.4776000'),
(3151, 1573, 3, '59.2743300', '10.4631300'),
(3152, 1573, 3, '59.2714800', '10.4740500'),
(3153, 1573, 3, '59.2813670', '10.4860100'),
(3154, 1573, 3, '59.2762900', '10.4746400'),
(3157, 67, 3, '59.3188700', '10.3977300'),
(3158, 16, 3, '59.3038500', '10.1819400'),
(3159, 954, 5, '59.2307500', '10.3386200'),
(3160, 1423, 3, '59.2232840', '10.2983550'),
(3161, 1423, 4, '59.2229100', '10.2998100'),
(3162, 16, 4, '59.3052200', '10.1770700'),
(3163, 1088, 4, '59.2138700', '10.4016400'),
(3164, 1158, 4, '59.3717400', '10.2643000'),
(3165, 1564, 4, '59.1145900', '10.3911500'),
(3166, 1573, 4, '59.2726800', '10.4712400'),
(3167, 1817, 4, '59.3495500', '10.4598100'),
(3168, 954, 4, '59.2307500', '10.3386200'),
(3169, 1423, 1, '59.2263000', '10.2832300'),
(3170, 1276, 3, '59.2819800', '10.3265100'),
(3171, 1276, 3, '59.2934400', '10.3071200'),
(3172, 1692, 3, '59.2697900', '10.3556400'),
(3173, 1692, 3, '59.2499100', '10.3580900'),
(3174, 1158, 3, '59.3715820', '10.2640200'),
(3175, 1135, 3, '59.3494050', '10.2511450'),
(3177, 1765, 4, '59.4169200', '10.2786500'),
(3178, 1765, 3, '59.4180200', '10.2783000'),
(3179, 1817, 3, '59.3482000', '10.4640200'),
(3180, 1082, 5, '59.4246590', '10.3824720'),
(3181, 616, 3, '59.4150860', '10.4758070'),
(3182, 616, 3, '59.4112900', '10.4737100'),
(3183, 616, 3, '59.4229100', '10.4703000'),
(3184, 130, 5, '59.3937600', '10.4629900'),
(3185, 1334, 3, '59.3857690', '10.4072990'),
(3186, 616, 3, '59.3988900', '10.4700600'),
(3187, 616, 3, '59.4090200', '10.4817000'),
(3188, 616, 3, '59.4117800', '10.4623300'),
(3189, 616, 3, '59.4327400', '10.4475700'),
(3191, 616, 4, '59.4155200', '10.4832200'),
(3192, 616, 4, '59.4155200', '10.4832200'),
(3193, 616, 4, '59.4155200', '10.4832200'),
(3194, 616, 4, '59.4285700', '10.4528600'),
(3195, 1334, 4, '59.3852600', '10.4046900'),
(3196, 616, 4, '59.4112400', '10.4650400'),
(3197, 616, 1, '59.4085900', '10.4740900'),
(3201, 1236, 4, '59.1293500', '10.2252700'),
(3202, 1236, 4, '59.1293000', '10.2249000'),
(3203, 1236, 4, '59.1293000', '10.2249000'),
(3204, 1236, 4, '59.1293000', '10.2249000'),
(3205, 1236, 4, '59.1293000', '10.2249000'),
(3206, 1236, 4, '59.1230000', '10.2336000'),
(3207, 1236, 4, '59.1039300', '10.2427800'),
(3208, 1236, 3, '59.1277900', '10.2132300'),
(3209, 1236, 5, '59.0892400', '10.2124700'),
(3210, 1236, 3, '59.1308000', '10.2269400'),
(3211, 1236, 3, '59.1327500', '10.2184700'),
(3212, 1236, 3, '59.1189700', '10.2127200'),
(3213, 1236, 3, '59.1273000', '10.2042000'),
(3214, 1236, 3, '59.1372400', '10.1955500'),
(3215, 1236, 3, '59.1395000', '10.2157600'),
(3216, 1236, 3, '59.1391000', '10.2291200'),
(3217, 1236, 3, '59.1302700', '10.2404300'),
(3218, 1236, 3, '59.1317700', '10.2699400'),
(3219, 1236, 3, '59.1144600', '10.2479700'),
(3220, 1236, 3, '59.1631400', '10.1606500'),
(3221, 1236, 3, '59.1434400', '10.1908800'),
(3222, 1236, 3, '59.1123000', '10.2385400'),
(3223, 1236, 3, '59.1348900', '10.1737700'),
(3224, 1236, 3, '59.1311800', '10.1877900'),
(3225, 1236, 3, '59.1524400', '10.2201200'),
(3226, 1236, 5, '59.1467400', '10.2074000'),
(3227, 1236, 3, '59.1214500', '10.2553900'),
(3228, 1236, 3, '59.1422100', '10.2488900'),
(3229, 1236, 3, '59.1452000', '10.2376400'),
(3230, 1236, 3, '59.0959600', '10.2191000'),
(3231, 1236, 3, '59.0890700', '10.2092700'),
(3232, 1236, 3, '59.1200600', '10.1623700'),
(3233, 1236, 3, '59.1426300', '10.2939800'),
(3234, 1236, 3, '59.0882960', '10.2663800'),
(3235, 1236, 3, '59.1283100', '10.2472500'),
(3236, 1236, 3, '59.1266400', '10.2695800'),
(3237, 1236, 3, '59.1035500', '10.2925800'),
(3238, 1236, 3, '59.1382700', '10.2047700'),
(3239, 1236, 3, '59.1748730', '10.2409740'),
(3240, 1236, 4, '59.1391800', '10.2426800'),
(3241, 1236, 3, '59.1720100', '10.2139600'),
(3242, 1236, 3, '59.1459400', '10.1780800'),
(3243, 747, 3, '59.2118500', '10.1366400'),
(3244, 1236, 3, '59.1294400', '10.1806600'),
(3245, 747, 4, '59.2147300', '10.1367400'),
(3246, 1236, 4, '59.1477500', '10.1916000'),
(3247, 1236, 1, '59.1288590', '10.2197740'),
(3248, 1236, 1, '59.1090000', '10.2231000'),
(3249, 1236, 4, '59.1375800', '10.1813200'),
(3251, 839, 4, '59.0536200', '10.0292500'),
(3252, 839, 4, '59.0686800', '10.0473000'),
(3253, 839, 4, '59.0408100', '10.0676800'),
(3254, 839, 4, '59.0473300', '10.0465800'),
(3255, 839, 4, '59.0792890', '10.0639490'),
(3256, 839, 3, '59.0544800', '10.0276100'),
(3257, 839, 3, '59.0538000', '10.0373800'),
(3258, 839, 3, '59.0547000', '10.0532500'),
(3259, 839, 3, '59.0594700', '10.0589700'),
(3260, 839, 3, '59.0372870', '10.0657080'),
(3261, 839, 3, '59.0347260', '10.1041600'),
(3262, 839, 3, '59.0486000', '10.0508500'),
(3263, 839, 3, '59.0458100', '10.0446800'),
(3264, 839, 3, '59.0488300', '10.0132400'),
(3265, 839, 3, '59.0362200', '9.9944200'),
(3267, 839, 3, '59.0243020', '9.9905850'),
(3268, 839, 3, '59.0510300', '9.9865300'),
(3269, 839, 3, '59.0629900', '10.0389700'),
(3270, 839, 3, '59.0921540', '10.1019610'),
(3271, 839, 3, '59.0779200', '10.0504600'),
(3274, 839, 3, '59.0639400', '10.0548000'),
(3275, 1482, 3, '59.4012000', '9.9632000'),
(3276, 1482, 4, '59.4011200', '9.9624000'),
(3277, 1418, 3, '59.3110000', '9.8825000'),
(3280, 1562, 3, '59.0557950', '10.1248580'),
(3281, 1562, 4, '59.0627400', '10.1515500'),
(3282, 802, 3, '59.1918890', '9.9721530'),
(3284, 802, 4, '59.1902700', '9.9644700'),
(3285, 839, 4, '59.0499900', '10.0215000'),
(3290, 1413, 3, '58.9881040', '10.0092100'),
(3291, 1413, 4, '59.0002000', '10.0342900'),
(3292, 1413, 3, '59.0073900', '10.0226000'),
(3294, 1413, 3, '58.9801700', '9.9628400'),
(3295, 543, 3, '58.9933660', '9.8634910'),
(3296, 1039, 3, '58.9784100', '9.8580800'),
(3297, 543, 4, '58.9886200', '9.8714700'),
(3300, 594, 3, '59.7701610', '9.9096680'),
(3301, 594, 4, '59.7702900', '9.9096200'),
(3320, 1711, 3, '59.7341020', '9.8688130'),
(3321, 1711, 4, '59.7385500', '9.8722900'),
(3322, 218, 3, '59.6982700', '9.7955400'),
(3330, 1338, 3, '59.8451600', '9.8842620'),
(3331, 1338, 4, '59.8443500', '9.8830000'),
(3340, 1799, 3, '59.8926830', '9.9269730'),
(3341, 1799, 4, '59.8933900', '9.9255100'),
(3342, 1799, 4, '59.8991400', '9.9078700'),
(3350, 1131, 3, '60.0429800', '9.6337900'),
(3351, 1131, 4, '60.0429800', '9.6337900'),
(3355, 1381, 3, '59.9630880', '9.7810080'),
(3358, 1018, 3, '60.1354150', '9.4387580'),
(3359, 246, 5, '60.2467900', '9.3553100'),
(3360, 423, 3, '59.9321400', '9.9683760'),
(3361, 423, 4, '59.9317700', '9.9688700'),
(3370, 1732, 3, '59.9675940', '9.9972800'),
(3371, 1732, 4, '59.9671900', '9.9963700'),
(3387, 1365, 3, '60.0236110', '9.8763230'),
(3400, 869, 3, '59.7871200', '10.2445800'),
(3401, 869, 4, '59.7871200', '10.2445800'),
(3407, 1589, 4, '59.8104200', '10.2693600'),
(3408, 1589, 3, '59.8221800', '10.2837500'),
(3410, 1499, 3, '59.8737810', '10.2902740'),
(3411, 1499, 4, '59.8942200', '10.2839200'),
(3412, 871, 4, '59.7559200', '10.2609400'),
(3420, 870, 3, '59.8196250', '10.3300920'),
(3421, 870, 4, '59.8095600', '10.3001400'),
(3425, 1150, 3, '59.7758500', '10.2887900'),
(3428, 869, 4, '59.7485900', '10.2903000'),
(3430, 1391, 3, '59.7409300', '10.3435300'),
(3431, 1391, 4, '59.7445000', '10.3419700'),
(3440, 1219, 3, '59.7469800', '10.3940110'),
(3441, 1219, 4, '59.7465200', '10.3902600'),
(3442, 647, 3, '59.7162580', '10.3697740'),
(3470, 1354, 3, '59.7804000', '10.4988000'),
(3471, 1354, 4, '59.7774800', '10.4870000'),
(3472, 198, 3, '59.7599600', '10.4612300'),
(3474, 1810, 3, '59.7055300', '10.5076700'),
(3475, 1506, 3, '59.6815430', '10.5270050'),
(3476, 1506, 4, '59.6820800', '10.5265200'),
(3477, 191, 3, '59.7254200', '10.5142400'),
(3478, 1086, 5, '59.7591100', '10.5083600'),
(3480, 323, 5, '59.5723200', '10.6125400'),
(3481, 1570, 4, '59.5414710', '10.5575180'),
(3482, 1570, 3, '59.5414710', '10.5575180'),
(3483, 706, 3, '59.5518900', '10.4750500'),
(3484, 601, 3, '59.5606000', '10.4283000'),
(3490, 739, 3, '59.6139050', '10.4578790'),
(3491, 739, 4, '59.6138890', '10.4578690'),
(3501, 655, 4, '60.1529980', '10.2565530'),
(3502, 655, 4, '60.1653300', '10.2562300'),
(3503, 655, 4, '60.1775500', '10.2677400'),
(3504, 655, 6, '60.1526990', '10.2563640'),
(3505, 655, 1, '60.1843000', '10.2395000'),
(3506, 655, 1, '60.1921000', '10.2936000'),
(3507, 655, 1, '60.1436000', '10.2491000'),
(3510, 655, 3, '60.1627600', '10.2520600'),
(3511, 655, 3, '60.1483410', '10.2558490'),
(3512, 655, 3, '60.1326100', '10.2845600'),
(3513, 655, 3, '60.1680100', '10.2735900'),
(3514, 655, 3, '60.1723430', '10.3208250'),
(3515, 655, 3, '60.1790700', '10.2597400'),
(3516, 655, 3, '60.3348600', '10.1063100'),
(3517, 655, 3, '60.1742500', '10.2344200'),
(3518, 655, 3, '60.1843100', '10.1990200'),
(3519, 655, 3, '60.1353350', '10.1677930'),
(3520, 690, 3, '60.2394200', '10.3847300'),
(3521, 690, 4, '60.2388800', '10.3837500'),
(3522, 98, 3, '60.5243000', '10.2842000'),
(3523, 1026, 4, '60.5625730', '9.9943680'),
(3524, 1026, 3, '60.5622570', '9.9950950'),
(3525, 495, 3, '60.2717200', '10.1862600'),
(3526, 495, 4, '60.2694710', '10.1819230'),
(3528, 535, 3, '60.6038900', '9.7449200'),
(3529, 1222, 4, '60.0788800', '10.2807600'),
(3530, 1222, 3, '60.0781800', '10.2829030'),
(3531, 785, 5, '60.0620400', '10.3104500'),
(3533, 1622, 5, '60.0861300', '10.1004300'),
(3534, 1374, 5, '60.2399300', '9.9249600'),
(3535, 791, 3, '60.1240300', '9.7859400'),
(3536, 1074, 5, '60.1812400', '9.6237600'),
(3537, 791, 4, '60.1243700', '9.7825900'),
(3538, 1380, 3, '59.9639910', '10.3449430'),
(3539, 365, 5, '60.4282100', '9.4662700'),
(3540, 1029, 3, '60.5708100', '9.1004500'),
(3541, 1029, 4, '60.5696300', '9.1039800'),
(3550, 451, 3, '60.7003770', '8.9451890'),
(3551, 451, 4, '60.7005700', '8.9454500'),
(3560, 559, 3, '60.8629480', '8.5541010'),
(3561, 559, 4, '60.8622800', '8.5554960'),
(3570, 1789, 3, '60.6300600', '8.5626410'),
(3571, 1789, 4, '60.6308700', '8.5646100'),
(3575, 596, 4, '60.6148100', '8.2965200'),
(3576, 596, 3, '60.6153600', '8.2981900'),
(3577, 622, 3, '60.6230900', '8.1560200'),
(3579, 1583, 3, '60.6643910', '8.7199230'),
(3580, 421, 3, '60.5350580', '8.2060050'),
(3581, 421, 4, '60.5333600', '8.2057600'),
(3593, 1648, 5, '60.4984000', '8.0445000'),
(3595, 524, 5, '60.5120000', '7.8631000'),
(3601, 759, 2, '59.6638900', '9.6442500'),
(3602, 759, 4, '59.6638900', '9.6442500'),
(3603, 759, 4, '59.6638900', '9.6442500'),
(3604, 759, 4, '59.6638900', '9.6442500'),
(3605, 759, 4, '59.6638900', '9.6442500'),
(3606, 759, 4, '59.6685800', '9.6524600'),
(3608, 542, 1, '59.5960140', '9.6634630'),
(3610, 759, 5, '59.6533800', '9.6595300'),
(3611, 759, 3, '59.6742420', '9.6441080'),
(3612, 759, 3, '59.6686000', '9.6646600'),
(3613, 759, 3, '59.6735700', '9.6576200'),
(3614, 759, 3, '59.6854800', '9.5842600'),
(3615, 759, 3, '59.6391000', '9.6422300'),
(3616, 759, 3, '59.6603600', '9.6413600'),
(3617, 759, 3, '59.6805200', '9.6335600'),
(3618, 1332, 5, '59.6217300', '9.6829000'),
(3619, 1332, 3, '59.6218440', '9.6828500'),
(3620, 359, 3, '59.8638500', '9.4273200'),
(3621, 827, 4, '59.8353200', '9.5787200'),
(3622, 1491, 3, '59.7929270', '9.5795630'),
(3623, 827, 3, '59.8368370', '9.5774170'),
(3624, 907, 3, '59.9109760', '9.5238550'),
(3626, 1176, 3, '59.9835700', '9.2959200'),
(3627, 1696, 4, '60.0419800', '9.1549400'),
(3628, 1696, 3, '60.0426890', '9.1529850'),
(3629, 1073, 5, '60.1686200', '9.0108200'),
(3630, 1208, 3, '60.2674920', '8.9457960'),
(3631, 1208, 4, '60.2673400', '8.9469500'),
(3632, 1655, 3, '60.2741000', '8.5915000'),
(3646, 645, 4, '59.4830400', '10.0101600'),
(3647, 645, 3, '59.4834510', '10.0102620'),
(3648, 1126, 3, '59.5113310', '9.8270880'),
(3650, 1556, 3, '59.9951230', '8.8288880'),
(3652, 624, 3, '59.8519930', '9.0300300'),
(3656, 34, 3, '59.9858510', '8.7341310'),
(3658, 960, 3, '59.9255600', '8.7500800'),
(3660, 1169, 3, '59.8797900', '8.5798900'),
(3661, 1169, 4, '59.8783500', '8.5871200'),
(3665, 1259, 4, '59.6172600', '8.9320100'),
(3666, 1556, 4, '59.9950400', '8.8268600'),
(3671, 1076, 4, '59.5621800', '9.2633200'),
(3672, 1076, 4, '59.5621800', '9.2633200'),
(3673, 1076, 4, '59.5661800', '9.2226500'),
(3674, 1076, 3, '59.5600400', '9.2600500'),
(3675, 1076, 3, '59.5695300', '9.2551100'),
(3676, 1076, 3, '59.5740500', '9.2007100'),
(3677, 1076, 3, '59.5930160', '9.1487590'),
(3678, 1076, 3, '59.5733300', '9.2675200'),
(3679, 1076, 3, '59.5725000', '9.2748800'),
(3680, 1076, 3, '59.5964300', '9.2689600'),
(3681, 1076, 3, '59.5621500', '9.2775000'),
(3683, 1076, 3, '59.5306000', '9.3027000'),
(3684, 1076, 3, '59.5664080', '9.2999700'),
(3690, 584, 3, '59.6004010', '8.6520880'),
(3691, 454, 3, '59.6896660', '9.0354390'),
(3692, 1259, 3, '59.6128200', '8.9460500'),
(3697, 1608, 3, '59.7554660', '8.7884220'),
(3699, 420, 3, '59.8503700', '8.6549700'),
(3701, 1312, 4, '59.2103700', '9.6049700'),
(3702, 1312, 4, '59.1784570', '9.6117580'),
(3703, 1312, 4, '59.2165800', '9.5645800'),
(3704, 1312, 4, '59.1965900', '9.6034900'),
(3705, 1312, 4, '59.2106500', '9.5897500'),
(3706, 1312, 1, '59.2164500', '9.6115000'),
(3707, 1312, 4, '59.2073100', '9.6093400'),
(3708, 1312, 1, '59.2183000', '9.5987000'),
(3709, 1312, 1, '59.2185000', '9.6000000'),
(3710, 1312, 2, '59.1927000', '9.5951000'),
(3711, 1312, 3, '59.1640000', '9.6641400'),
(3712, 1312, 3, '59.1682200', '9.6504000'),
(3713, 1312, 3, '59.1784200', '9.6412300'),
(3714, 1312, 3, '59.2022600', '9.6233300'),
(3715, 1312, 3, '59.2114700', '9.6164900'),
(3716, 1312, 3, '59.2252100', '9.5962000'),
(3717, 1312, 3, '59.2139400', '9.6036700'),
(3718, 1312, 3, '59.2075790', '9.5776750'),
(3719, 1312, 3, '59.2190500', '9.6390600'),
(3720, 1312, 3, '59.2163100', '9.5166300'),
(3721, 1312, 3, '59.2502500', '9.5691400'),
(3722, 1312, 3, '59.2099100', '9.5951100'),
(3723, 1312, 3, '59.2158100', '9.5840000'),
(3724, 1312, 3, '59.2016600', '9.6156440'),
(3725, 1312, 3, '59.2031100', '9.5972600'),
(3726, 1312, 3, '59.2163300', '9.5699800'),
(3727, 1312, 3, '59.2100600', '9.5651000'),
(3728, 1312, 3, '59.1933400', '9.5786300'),
(3729, 1312, 3, '59.1924600', '9.4422500'),
(3730, 1312, 3, '59.1948700', '9.6050400'),
(3731, 1312, 3, '59.1973200', '9.5388600'),
(3732, 1312, 3, '59.1915600', '9.6160900'),
(3733, 1312, 3, '59.1888300', '9.6078700'),
(3734, 1312, 3, '59.1826000', '9.6098000'),
(3735, 1312, 3, '59.1770400', '9.6191100'),
(3736, 1312, 3, '59.1608500', '9.6344200'),
(3737, 1312, 3, '59.1481100', '9.6251700'),
(3738, 1312, 3, '59.1489200', '9.6152000'),
(3739, 1312, 3, '59.1318100', '9.5176800'),
(3740, 1312, 3, '59.1523400', '9.6339000'),
(3741, 1312, 3, '59.2250700', '9.5597400'),
(3742, 1312, 3, '59.2230300', '9.5509100'),
(3743, 1312, 3, '59.2181600', '9.5561200'),
(3744, 1312, 3, '59.2086000', '9.5548500'),
(3746, 1312, 3, '59.1892400', '9.6323100'),
(3747, 1312, 3, '59.2174500', '9.5888600'),
(3748, 1283, 3, '59.2740300', '9.7201300'),
(3749, 1283, 4, '59.2779850', '9.7279640'),
(3750, 234, 3, '59.0884280', '9.0651800'),
(3753, 1633, 3, '59.1561700', '8.8098700'),
(3760, 1032, 3, '58.9678900', '9.1580300'),
(3766, 1255, 3, '58.8929410', '9.2821190'),
(3770, 779, 3, '58.8688700', '9.4117900'),
(3780, 1352, 3, '58.8587000', '9.4757000'),
(3781, 691, 3, '58.8592240', '9.5850560'),
(3783, 780, 3, '58.8796000', '9.5388000'),
(3785, 1312, 4, '59.2145700', '9.5233000'),
(3786, 1312, 4, '59.1950200', '9.5380900'),
(3787, 1312, 4, '59.1469700', '9.6194000'),
(3788, 1397, 3, '58.8493000', '9.4081000'),
(3789, 779, 4, '58.8709100', '9.3860700'),
(3790, 548, 3, '58.9020300', '9.3809980'),
(3791, 779, 4, '58.8693100', '9.4129700'),
(3792, 1312, 4, '59.1938100', '9.6262000'),
(3793, 1255, 4, '58.8920200', '9.2937900'),
(3794, 548, 4, '58.9011026', '9.3792977'),
(3795, 234, 4, '59.0909300', '9.0694000'),
(3796, 1312, 4, '59.1640000', '9.6641400'),
(3798, 1312, 4, '59.1703300', '9.6512300'),
(3800, 196, 3, '59.4135350', '9.0654910'),
(3810, 482, 3, '59.3890040', '9.1786050'),
(3812, 5, 3, '59.3953500', '9.2511400'),
(3820, 1050, 3, '59.4193000', '9.3230000'),
(3825, 899, 3, '59.2985880', '9.1033320'),
(3830, 1637, 3, '59.2841230', '9.2632340'),
(3831, 1637, 4, '59.2824400', '9.2685400'),
(3832, 899, 4, '59.2998900', '9.1027200'),
(3833, 196, 4, '59.4116000', '9.0683800'),
(3834, 482, 4, '59.3873650', '9.1692600'),
(3835, 1271, 4, '59.4815980', '8.6289020'),
(3836, 811, 4, '59.4019400', '8.4896000'),
(3840, 1271, 3, '59.4854500', '8.6314000'),
(3841, 349, 3, '59.5720200', '8.5565800'),
(3848, 981, 3, '59.4748200', '8.4210740'),
(3849, 1757, 3, '59.3618080', '8.1654600'),
(3850, 811, 3, '59.4018720', '8.4889150'),
(3853, 1756, 5, '59.3256900', '8.4844200'),
(3854, 1041, 3, '59.1638000', '8.5026900'),
(3855, 1596, 3, '59.0257100', '8.5187300'),
(3864, 1143, 3, '59.6955790', '8.0653980'),
(3870, 402, 3, '59.1841570', '8.0914740'),
(3880, 213, 3, '59.4450000', '8.0040000'),
(3882, 1797, 3, '59.3762200', '8.0314200'),
(3883, 1596, 4, '59.0192400', '8.5250200'),
(3884, 1143, 4, '59.6950400', '8.0638800'),
(3885, 402, 4, '59.1839100', '8.0953600'),
(3886, 213, 4, '59.4445900', '8.0098400'),
(3887, 1741, 4, '59.5658700', '7.9691900'),
(3888, 244, 4, '59.7317400', '7.5880800'),
(3890, 1741, 3, '59.5691000', '7.9881000'),
(3891, 660, 3, '59.4996400', '8.1944100'),
(3893, 1742, 3, '59.6215000', '7.8062000'),
(3895, 244, 3, '59.7370440', '7.5661500'),
(3901, 1130, 4, '59.1395100', '9.6552100'),
(3902, 1130, 4, '59.1382800', '9.6423700'),
(3903, 1130, 4, '59.1154100', '9.6534600'),
(3904, 1130, 4, '59.1103900', '9.6671800'),
(3905, 1130, 4, '59.1395100', '9.6552100'),
(3906, 1130, 4, '59.0959200', '9.6849200'),
(3908, 1130, 1, '59.1229000', '9.6315000'),
(3910, 1130, 3, '59.1570600', '9.6628600'),
(3911, 1130, 3, '59.1529100', '9.6619300'),
(3912, 1130, 3, '59.1494600', '9.6586300'),
(3913, 1130, 3, '59.1472000', '9.6697700'),
(3914, 1130, 3, '59.1477300', '9.6816590'),
(3915, 1130, 3, '59.1420900', '9.6601500'),
(3916, 1130, 3, '59.1367700', '9.6573200'),
(3917, 1130, 3, '59.1326600', '9.6682200'),
(3918, 1130, 3, '59.1377000', '9.6769300'),
(3919, 1130, 3, '59.1461100', '9.6441100'),
(3920, 1130, 3, '59.1331900', '9.6192500'),
(3921, 1130, 3, '59.1375000', '9.6457900'),
(3922, 1130, 3, '59.1345200', '9.6507500'),
(3924, 1130, 3, '59.1271900', '9.6549800'),
(3925, 1130, 3, '59.1261900', '9.6482900'),
(3928, 1130, 3, '59.1182400', '9.6731900'),
(3929, 1130, 3, '59.1155300', '9.6626100'),
(3930, 1130, 3, '59.1086200', '9.6739100'),
(3931, 1130, 3, '59.1055000', '9.6858000'),
(3932, 1130, 3, '59.1048300', '9.6759100'),
(3933, 1130, 3, '59.1319100', '9.6376600'),
(3936, 1130, 3, '59.1130100', '9.6485700'),
(3937, 1130, 3, '59.1055800', '9.6589000'),
(3939, 1130, 4, '59.1497500', '9.6639300'),
(3940, 1130, 3, '59.0805130', '9.6797280'),
(3941, 1130, 3, '59.0777780', '9.6888260'),
(3942, 1130, 3, '59.0956590', '9.6797560'),
(3943, 1130, 3, '59.0956200', '9.6859500'),
(3944, 1130, 3, '59.1064570', '9.6982400'),
(3945, 1130, 1, '59.1219000', '9.7047000'),
(3946, 1130, 3, '59.1210400', '9.6921400'),
(3947, 830, 3, '59.0894600', '9.8037100'),
(3948, 1130, 3, '59.1760100', '9.8108100'),
(3949, 1130, 3, '59.0770900', '9.7369100'),
(3950, 159, 3, '59.0527830', '9.6999410'),
(3960, 1408, 3, '59.0455880', '9.6947480'),
(3965, 570, 3, '59.1051600', '9.5561900'),
(3966, 1408, 1, '59.1025000', '9.5787000'),
(3967, 59, 3, '59.0007000', '9.7488000'),
(3970, 831, 3, '59.0006600', '9.7487050'),
(3991, 159, 4, '59.0528000', '9.6996800'),
(3993, 831, 4, '58.9986500', '9.7464300'),
(3994, 831, 4, '59.0127100', '9.7416900'),
(3995, 1408, 4, '59.0458700', '9.6938600'),
(3996, 1130, 4, '59.1211600', '9.7095700'),
(3997, 1130, 4, '59.1214500', '9.6589600'),
(3998, 1130, 4, '59.1414400', '9.6412000'),
(3999, 570, 4, '59.1033800', '9.5608000'),
(4001, 1411, 4, '58.9693800', '5.7299500'),
(4002, 1411, 4, '58.9693800', '5.7299500'),
(4003, 1411, 4, '58.9693800', '5.7299500'),
(4004, 1411, 4, '58.9693800', '5.7299500'),
(4005, 1411, 3, '58.9707100', '5.7275300'),
(4006, 1411, 3, '58.9720200', '5.7328800'),
(4007, 1411, 3, '58.9768260', '5.7172680'),
(4008, 1411, 3, '58.9681700', '5.7241200'),
(4009, 1411, 3, '58.9623900', '5.7133800'),
(4010, 1411, 3, '58.9609900', '5.7314500'),
(4011, 1411, 3, '58.9556400', '5.7332900'),
(4012, 1411, 3, '58.9648900', '5.7416300'),
(4013, 1411, 3, '58.9710300', '5.7430140'),
(4014, 1411, 3, '58.9675790', '5.7534870'),
(4015, 1411, 3, '58.9609000', '5.7541300'),
(4016, 1411, 3, '58.9460400', '5.7377500'),
(4017, 1411, 3, '58.9375200', '5.7406900'),
(4018, 1411, 3, '58.9298700', '5.7345500'),
(4019, 1411, 3, '58.9476300', '5.7217100'),
(4020, 1411, 3, '58.9216400', '5.7201300'),
(4021, 1411, 3, '58.9495600', '5.6967730'),
(4022, 1411, 3, '58.9621800', '5.6968820'),
(4023, 1411, 3, '58.9642380', '5.6904890'),
(4024, 1411, 3, '58.9712400', '5.7127900'),
(4025, 1411, 3, '58.9762300', '5.6996700'),
(4026, 1411, 3, '58.9797400', '5.7059600'),
(4027, 1411, 3, '58.9839200', '5.6883900'),
(4028, 1411, 3, '58.9910600', '5.6796000'),
(4029, 1411, 3, '58.9938100', '5.6812800'),
(4032, 1411, 3, '58.9039600', '5.7313700'),
(4033, 1411, 3, '58.8915660', '5.7453110'),
(4034, 1411, 3, '58.8961280', '5.7238660'),
(4035, 1411, 1, '58.8929470', '5.7185640'),
(4036, 1411, 1, '58.9373000', '5.6979000'),
(4041, 487, 3, '58.9453800', '5.6839800'),
(4042, 487, 3, '58.9527400', '5.6687200'),
(4043, 487, 3, '58.9504600', '5.6425100'),
(4044, 487, 3, '58.9386800', '5.6830400'),
(4045, 487, 3, '58.9356840', '5.6448270'),
(4046, 487, 3, '58.9574200', '5.6278600'),
(4047, 487, 3, '58.9647030', '5.6433620'),
(4048, 487, 3, '58.9630500', '5.6089400'),
(4049, 487, 3, '58.9696500', '5.6065400'),
(4050, 1376, 3, '58.8861420', '5.6480120'),
(4052, 1221, 3, '58.9117290', '5.6760100'),
(4053, 1206, 3, '58.8590460', '5.6143570'),
(4054, 1561, 5, '58.8421900', '5.5974600'),
(4055, 1412, 5, '58.8895900', '5.6256600'),
(4056, 1541, 3, '58.9358390', '5.5864620'),
(4059, 1221, 4, '58.9117100', '5.6765300'),
(4064, 1411, 4, '58.8897000', '5.7466000'),
(4065, 1411, 4, '58.8897000', '5.7466000'),
(4066, 1411, 4, '58.8897000', '5.7466000'),
(4067, 1411, 4, '58.8897000', '5.7466000'),
(4068, 1411, 4, '58.8897000', '5.7466000'),
(4069, 1411, 4, '58.8897000', '5.7466000'),
(4070, 1137, 3, '58.9995110', '5.6177040'),
(4076, 1689, 5, '58.9917300', '5.7879820'),
(4078, 1411, 4, '58.9347400', '5.7417900'),
(4079, 1411, 4, '58.8961300', '5.7245900'),
(4081, 1411, 4, '58.9495000', '5.6970000'),
(4082, 1411, 4, '58.9879400', '5.6934000'),
(4084, 1411, 4, '58.9879400', '5.6934000'),
(4085, 630, 3, '58.9962600', '5.7294900'),
(4086, 630, 4, '58.9938300', '5.7368400'),
(4087, 1411, 4, '58.9082700', '5.7294700'),
(4088, 1411, 4, '58.9222400', '5.7242600'),
(4089, 487, 4, '58.9710300', '5.6028100'),
(4090, 487, 4, '58.9527000', '5.6809800'),
(4091, 487, 4, '58.9566400', '5.6360500'),
(4092, 1411, 4, '58.9770200', '5.7066300'),
(4093, 1411, 4, '58.9700400', '5.7535400'),
(4094, 1411, 4, '58.9653500', '5.7045800'),
(4095, 1411, 4, '58.9479900', '5.7391200'),
(4096, 1137, 4, '58.9995000', '5.6162500'),
(4097, 1376, 4, '58.8852240', '5.6504060'),
(4098, 1541, 4, '58.9283200', '5.6082000'),
(4100, 699, 3, '59.0257400', '6.0418700'),
(4102, 664, 3, '58.9838580', '5.9481330'),
(4110, 380, 3, '58.9004340', '6.1128580'),
(4119, 380, 4, '58.9051780', '6.0970690'),
(4120, 1546, 3, '59.0588700', '5.9320100'),
(4123, 1516, 3, '59.0468500', '5.8233600'),
(4124, 1546, 4, '59.0652700', '5.9202600'),
(4126, 699, 4, '59.0217400', '6.0413000'),
(4127, 912, 5, '59.0560300', '6.6505500'),
(4128, 367, 3, '59.0148690', '6.4283720'),
(4129, 1386, 3, '59.0178520', '6.3252070'),
(4130, 587, 3, '59.2346570', '6.1779180'),
(4134, 700, 3, '59.3293370', '6.4486170'),
(4137, 1806, 3, '59.1510270', '6.1824960'),
(4139, 333, 3, '59.1761040', '6.0678860'),
(4146, 1313, 3, '59.2822820', '6.1387680'),
(4148, 587, 4, '59.2326900', '6.1669200'),
(4150, 1156, 3, '59.0974550', '5.6978490'),
(4152, 1718, 3, '59.0410400', '5.6915000'),
(4153, 161, 3, '59.0844600', '5.8052700'),
(4154, 47, 3, '59.0391600', '5.7580200'),
(4156, 989, 3, '59.0639480', '5.7013890'),
(4158, 162, 3, '59.0387440', '5.6582130'),
(4159, 1156, 4, '59.0975800', '5.6969400'),
(4160, 327, 3, '59.1706500', '5.8281900'),
(4161, 327, 4, '59.1721300', '5.8757500'),
(4163, 1538, 3, '59.1068600', '5.8378700'),
(4164, 368, 3, '59.1400300', '5.9144600'),
(4167, 544, 3, '59.1366000', '6.0230300'),
(4168, 185, 3, '59.1593440', '5.9698680'),
(4169, 1520, 3, '59.1627980', '5.9454880'),
(4170, 1290, 3, '59.2601780', '5.8845210'),
(4173, 1045, 3, '59.2325800', '5.8889700'),
(4174, 545, 5, '59.2265600', '5.8361300'),
(4180, 813, 5, '59.0617800', '5.4031500'),
(4182, 1302, 5, '59.1965100', '5.9571800'),
(4187, 1099, 3, '59.2355130', '5.9380250'),
(4198, 372, 3, '59.3372200', '5.9666800'),
(4200, 1257, 3, '59.6507010', '6.3540850'),
(4201, 1257, 4, '59.6500600', '6.3547200'),
(4208, 1258, 3, '59.6435450', '6.3065590'),
(4209, 1680, 3, '59.5432110', '6.3618350'),
(4230, 1232, 3, '59.4845620', '6.2510920'),
(4233, 291, 5, '59.3475300', '6.2379800'),
(4234, 687, 3, '59.3382500', '6.0281900'),
(4235, 534, 3, '59.3589210', '5.9631610'),
(4237, 1468, 3, '59.4931900', '6.5184800'),
(4239, 1232, 4, '59.4842800', '6.2509100'),
(4240, 1468, 4, '59.4930400', '6.5466200'),
(4244, 1030, 5, '59.6457700', '6.8013700'),
(4250, 769, 3, '59.2822600', '5.3055810'),
(4260, 1585, 3, '59.3968200', '5.2612300'),
(4262, 50, 3, '59.3559350', '5.2776210'),
(4264, 794, 5, '59.3221000', '5.2090800'),
(4265, 651, 3, '59.3231300', '5.2830500'),
(4270, 1788, 3, '59.2595360', '5.1933460'),
(4272, 1249, 5, '59.1757000', '5.1949000'),
(4274, 1427, 5, '59.2212140', '5.1930510'),
(4275, 1508, 5, '59.2712100', '5.1964270'),
(4276, 1694, 3, '59.2919500', '5.2241600'),
(4280, 1343, 3, '59.1499700', '5.2584930'),
(4291, 769, 4, '59.2826870', '5.3067820'),
(4294, 769, 4, '59.2900520', '5.2866870'),
(4295, 1694, 4, '59.2929800', '5.2261900'),
(4296, 1788, 4, '59.2595400', '5.1937400'),
(4297, 1343, 4, '59.1502890', '5.2581550'),
(4298, 1585, 4, '59.3890300', '5.2736200'),
(4299, 50, 4, '59.3543900', '5.2779200'),
(4301, 1241, 4, '58.8508100', '5.7379700'),
(4302, 1241, 4, '58.8508100', '5.7379700'),
(4303, 1241, 4, '58.8508100', '5.7379700'),
(4304, 1241, 4, '58.8508100', '5.7379700'),
(4305, 1241, 4, '58.8508100', '5.7379700'),
(4306, 1241, 3, '58.8451200', '5.7384100'),
(4307, 1241, 3, '58.8605800', '5.7386200'),
(4308, 1241, 5, '58.8276060', '5.8272060'),
(4309, 1241, 3, '58.8631800', '5.7933200'),
(4310, 609, 3, '58.9238200', '5.8435900'),
(4311, 609, 3, '58.9258000', '5.8511000'),
(4312, 1241, 3, '58.8386100', '5.7037800'),
(4313, 1241, 3, '58.8687100', '5.7313500'),
(4314, 1241, 3, '58.8848250', '5.7313870'),
(4315, 1241, 3, '58.8787300', '5.7405900'),
(4316, 1241, 3, '58.8605110', '5.7191630'),
(4317, 1241, 3, '58.8613200', '5.7300800'),
(4318, 1241, 3, '58.8436900', '5.7128600'),
(4319, 1241, 3, '58.8487700', '5.7227400'),
(4321, 1241, 3, '58.8319800', '5.7145800'),
(4322, 1241, 3, '58.8192900', '5.7044600'),
(4323, 1241, 3, '58.8223900', '5.7228500'),
(4324, 1241, 3, '58.8179800', '5.7456700'),
(4325, 1241, 3, '58.8288800', '5.7496300'),
(4326, 1241, 3, '58.8434700', '5.7627300'),
(4327, 1241, 3, '58.8503600', '5.7537300'),
(4328, 1241, 3, '58.8581140', '5.7600510'),
(4329, 1241, 3, '58.8746700', '5.7701200'),
(4330, 1793, 3, '58.7674550', '5.8497050'),
(4332, 321, 3, '58.7845000', '5.8172800'),
(4333, 1097, 5, '58.8335000', '6.0548600'),
(4335, 225, 3, '58.8318710', '6.1842730'),
(4339, 1793, 4, '58.7705800', '5.8458100'),
(4340, 168, 3, '58.7346280', '5.6481140'),
(4342, 1644, 3, '58.6827500', '5.7776600'),
(4343, 1110, 3, '58.7173700', '5.5699100'),
(4348, 168, 4, '58.7301800', '5.7303800'),
(4349, 168, 4, '58.7348400', '5.6469700'),
(4352, 736, 3, '58.7795910', '5.6252570'),
(4353, 735, 3, '58.7740960', '5.6737520'),
(4354, 1750, 3, '58.8061410', '5.6043150'),
(4355, 804, 3, '58.7796130', '5.7214100'),
(4356, 804, 4, '58.7797400', '5.7216000'),
(4357, 735, 4, '58.7742800', '5.6744500'),
(4358, 736, 4, '58.7793200', '5.6262800'),
(4360, 1685, 3, '58.6154640', '5.6466950'),
(4362, 1725, 3, '58.5684000', '5.6962100'),
(4363, 164, 3, '58.5409800', '5.7426800'),
(4364, 1287, 5, '58.5040700', '5.8019300'),
(4365, 1084, 3, '58.6661830', '5.6395480'),
(4367, 1084, 4, '58.6651100', '5.6380200'),
(4368, 1685, 4, '58.6153500', '5.6470300'),
(4369, 1725, 4, '58.5707600', '5.6892100'),
(4370, 245, 5, '58.4513300', '6.0000400'),
(4375, 555, 3, '58.4798000', '5.8842000'),
(4376, 550, 5, '58.5355100', '6.1539400'),
(4379, 245, 4, '58.4513300', '6.0000400'),
(4380, 525, 3, '58.3427490', '6.2922010'),
(4381, 525, 4, '58.3414900', '6.2869400'),
(4387, 95, 3, '58.5832320', '6.0748490'),
(4389, 1733, 5, '58.6319900', '6.0779800'),
(4391, 1241, 4, '58.8765200', '5.7235000'),
(4392, 1241, 4, '58.8201800', '5.7118000'),
(4393, 1241, 4, '58.8330500', '5.7121000'),
(4395, 609, 5, '58.9127000', '5.8525300'),
(4396, 1241, 4, '58.8549800', '5.7690600'),
(4397, 1241, 4, '58.8210300', '5.7533000'),
(4398, 1241, 4, '58.8485000', '5.7294100'),
(4400, 356, 3, '58.2962070', '6.6627330'),
(4401, 356, 4, '58.2965600', '6.6591600'),
(4402, 356, 4, '58.2965600', '6.6591600'),
(4403, 356, 4, '58.2965600', '6.6591600'),
(4420, 1800, 3, '58.2939600', '6.4412400'),
(4432, 580, 3, '58.2356450', '6.5581510'),
(4434, 15, 3, '58.2318700', '6.6707300'),
(4436, 483, 3, '58.3841350', '6.8373380'),
(4438, 1286, 5, '58.4162100', '6.6606600'),
(4440, 1578, 3, '58.6650670', '6.7170300'),
(4441, 1578, 4, '58.6651900', '6.7166900'),
(4443, 1565, 3, '58.8893300', '6.8531400'),
(4460, 976, 3, '58.4573710', '6.5512740'),
(4462, 626, 3, '58.5255400', '6.4982200'),
(4463, 1635, 3, '58.5333800', '6.3411300'),
(4465, 976, 4, '58.4575300', '6.5514100'),
(4473, 809, 3, '58.5231510', '6.9358980'),
(4480, 808, 3, '58.3143100', '6.9618000'),
(4484, 1847, 3, '58.2770900', '6.8909500'),
(4485, 312, 5, '58.2693000', '6.8173700'),
(4490, 808, 4, '58.3143100', '6.9632900'),
(4491, 808, 4, '58.3143100', '6.9632900'),
(4492, 808, 4, '58.3143100', '6.9632900'),
(4501, 929, 4, '58.0289400', '7.4608400'),
(4502, 929, 4, '58.0289400', '7.4608400'),
(4503, 929, 4, '58.0289400', '7.4608400'),
(4504, 929, 4, '58.0289400', '7.4608400'),
(4505, 929, 4, '58.0289400', '7.4608400'),
(4506, 929, 4, '58.0289400', '7.4608400'),
(4509, 929, 2, '58.0287370', '7.4609610'),
(4512, 877, 3, '57.9973700', '7.0810700'),
(4513, 929, 3, '58.0199800', '7.4028100'),
(4514, 929, 3, '58.0280800', '7.4451000'),
(4515, 929, 3, '58.0274100', '7.4786600'),
(4516, 929, 3, '58.0105200', '7.5576800'),
(4517, 929, 3, '58.0392100', '7.4590000'),
(4519, 605, 3, '58.0960700', '7.5221800'),
(4520, 1514, 3, '58.0843200', '7.3029900'),
(4521, 1388, 5, '58.0451200', '7.1399100'),
(4523, 1514, 4, '58.0846600', '7.3029900'),
(4524, 1514, 4, '58.0846600', '7.3029900'),
(4525, 766, 5, '58.2845600', '7.3543900'),
(4528, 755, 3, '58.4879700', '7.4573400'),
(4529, 186, 3, '58.4211300', '7.4036800'),
(4532, 1848, 3, '58.1723400', '7.5558300'),
(4534, 935, 5, '58.2132400', '7.5145400'),
(4536, 93, 3, '58.3834710', '7.5278230'),
(4540, 1815, 5, '58.6152000', '7.4139000'),
(4544, 383, 3, '58.5392000', '7.4162000'),
(4550, 310, 3, '58.0945170', '6.8019980'),
(4551, 310, 4, '58.0955900', '6.7951200'),
(4552, 310, 4, '58.0955900', '6.7951200'),
(4553, 310, 4, '58.0955900', '6.7951200'),
(4554, 310, 4, '58.0955900', '6.7951200'),
(4557, 1679, 4, '58.0978800', '6.6905300'),
(4558, 1679, 4, '58.0978800', '6.6905300'),
(4560, 1679, 3, '58.0985430', '6.6940210'),
(4563, 128, 3, '58.0984700', '6.5912100'),
(4575, 906, 4, '58.1373100', '7.0719800'),
(4576, 906, 4, '58.1373100', '7.0719800'),
(4577, 906, 4, '58.1373100', '7.0719800'),
(4579, 906, 4, '58.1563500', '7.1016800'),
(4580, 906, 3, '58.1375800', '7.0686300'),
(4586, 775, 3, '58.0228340', '7.0011890'),
(4588, 815, 3, '58.2633000', '7.1996000'),
(4590, 1364, 3, '58.3321390', '7.2097780'),
(4595, 1554, 3, '58.3751680', '7.2231790'),
(4596, 266, 5, '58.4642800', '7.2322500'),
(4604, 782, 2, '58.1447550', '7.9932830'),
(4605, 782, 6, '58.1630000', '8.0080000'),
(4606, 782, 2, '58.1793020', '8.1226300'),
(4608, 782, 3, '58.1484250', '8.0031110'),
(4609, 709, 3, '58.1873000', '8.1403970'),
(4610, 782, 3, '58.1437140', '7.9967470'),
(4611, 782, 3, '58.1457600', '7.9937500'),
(4612, 782, 3, '58.1476500', '7.9908000'),
(4613, 782, 3, '58.1468390', '7.9840140'),
(4614, 782, 3, '58.1495900', '7.9973900'),
(4615, 782, 3, '58.1575100', '7.9887700'),
(4616, 782, 3, '58.1525910', '7.9751010'),
(4617, 782, 3, '58.1511300', '7.9614100'),
(4618, 782, 3, '58.1888610', '7.9291680'),
(4619, 985, 3, '58.2220700', '7.9195800'),
(4620, 782, 3, '58.1227330', '7.9478360'),
(4621, 782, 3, '58.1247100', '7.9523500'),
(4622, 782, 3, '58.1176000', '7.9408500'),
(4623, 782, 3, '58.1089600', '7.9739200'),
(4624, 782, 3, '58.1046800', '7.9518800'),
(4625, 357, 3, '58.0737100', '8.0021400'),
(4626, 782, 5, '58.1341900', '7.9539400'),
(4628, 782, 3, '58.1483110', '7.9236320'),
(4629, 782, 5, '58.1490900', '7.9726800'),
(4630, 782, 3, '58.1621300', '7.9966900'),
(4631, 782, 3, '58.1534600', '8.0153300'),
(4632, 782, 3, '58.1517200', '8.0234900'),
(4633, 782, 3, '58.1718400', '8.0309800'),
(4634, 782, 5, '58.2009300', '8.0314700'),
(4635, 782, 3, '58.1812080', '8.0888340'),
(4636, 782, 3, '58.1753500', '8.1256300'),
(4637, 782, 3, '58.1511600', '8.0587200'),
(4638, 782, 3, '58.1520930', '8.0725610'),
(4639, 782, 5, '58.1336500', '8.0739400'),
(4640, 1510, 5, '58.0966000', '7.8149000'),
(4645, 1043, 3, '58.1544440', '7.8358330'),
(4646, 329, 5, '58.2699500', '7.6594600'),
(4647, 156, 5, '58.1351800', '7.8564100'),
(4651, 506, 4, '58.1930600', '8.0858000'),
(4656, 506, 3, '58.1925140', '8.0820290'),
(4657, 726, 3, '58.2073300', '8.0799100'),
(4658, 1616, 3, '58.2315200', '8.1209600'),
(4659, 782, 1, '58.1725000', '8.1269000'),
(4661, 782, 4, '58.1450200', '7.9923200'),
(4662, 782, 4, '58.1450200', '7.9923200'),
(4663, 782, 4, '58.1450200', '7.9923200'),
(4664, 782, 4, '58.1450200', '7.9923200'),
(4665, 782, 4, '58.1450200', '7.9923200'),
(4666, 782, 4, '58.1450200', '7.9923200'),
(4671, 782, 4, '58.1882400', '7.9290300'),
(4672, 782, 4, '58.1452900', '7.9924900'),
(4673, 782, 4, '58.1490900', '7.9726800'),
(4674, 782, 4, '58.1483900', '7.9244000'),
(4675, 782, 4, '58.1248400', '7.9532800'),
(4676, 782, 4, '58.1248400', '7.9532800'),
(4677, 782, 4, '58.1113300', '7.9526700'),
(4678, 782, 4, '58.1487800', '8.0045400'),
(4679, 357, 4, '58.0804300', '8.0000300'),
(4682, 1510, 4, '58.0967500', '7.8130400'),
(4683, 1510, 4, '58.0967500', '7.8130400'),
(4685, 1043, 4, '58.1548500', '7.8363100'),
(4686, 782, 4, '58.1621200', '8.0084200'),
(4687, 782, 4, '58.1510000', '8.0255800'),
(4688, 782, 4, '58.1510000', '8.0255800'),
(4689, 782, 4, '58.1661100', '8.0358900'),
(4691, 782, 4, '58.1519300', '8.0571800'),
(4693, 782, 4, '58.1811100', '8.0888800'),
(4696, 782, 4, '58.1725000', '8.1271000'),
(4697, 782, 4, '58.1725000', '8.1271000'),
(4699, 1616, 4, '58.2326600', '8.1225500'),
(4700, 1703, 3, '58.2701700', '7.9733900'),
(4701, 1703, 4, '58.2693900', '7.9718900'),
(4702, 1703, 4, '58.2693900', '7.9718900'),
(4703, 1703, 4, '58.2693900', '7.9718900'),
(4705, 1843, 4, '58.2952400', '7.8404400'),
(4715, 1843, 3, '58.2907000', '7.7776000'),
(4720, 652, 5, '58.3842700', '7.7401600'),
(4724, 681, 5, '58.4620800', '7.9113150'),
(4730, 1691, 3, '58.4178100', '8.0635000'),
(4733, 301, 4, '58.5861200', '7.8060900'),
(4734, 301, 4, '58.5861200', '7.8060900'),
(4735, 301, 5, '58.5861200', '7.8060900'),
(4737, 615, 3, '58.5624560', '7.7719240'),
(4741, 182, 3, '58.6679900', '7.8072500'),
(4742, 459, 5, '58.7086200', '7.8244400'),
(4745, 181, 5, '58.8306000', '7.7977200'),
(4747, 1666, 5, '59.2122300', '7.5349800'),
(4748, 1200, 5, '59.0959000', '7.5302200'),
(4754, 184, 3, '59.3487000', '7.3354000');
INSERT INTO `postal_zip_codes` (`zip`, `place_id`, `comment_id`, `lat`, `lon`) VALUES
(4755, 621, 3, '59.5581360', '7.3577630'),
(4756, 621, 4, '59.5595700', '7.3560300'),
(4760, 90, 3, '58.3317110', '8.2326440'),
(4766, 566, 3, '58.5281900', '8.3507700'),
(4768, 288, 3, '58.5330540', '8.1197550'),
(4770, 658, 5, '58.1639100', '8.2178700'),
(4780, 151, 3, '58.1954800', '8.3480100'),
(4790, 874, 3, '58.2487530', '8.3767630'),
(4791, 874, 4, '58.2488300', '8.3774200'),
(4792, 874, 4, '58.2488300', '8.3774200'),
(4794, 874, 4, '58.2618600', '8.3955400'),
(4795, 90, 4, '58.3304900', '8.2325400'),
(4801, 23, 4, '58.4591600', '8.7664700'),
(4802, 23, 4, '58.4591600', '8.7664700'),
(4803, 23, 4, '58.4591600', '8.7664700'),
(4804, 23, 4, '58.4591600', '8.7664700'),
(4808, 23, 6, '58.4615000', '8.7725000'),
(4809, 23, 6, '58.4615000', '8.7725000'),
(4810, 302, 3, '58.5069100', '8.8609200'),
(4812, 761, 3, '58.4853500', '8.8637440'),
(4815, 1229, 3, '58.4953760', '8.8490580'),
(4816, 751, 3, '58.4521960', '8.7690850'),
(4817, 582, 3, '58.4322600', '8.7441600'),
(4818, 405, 3, '58.4551400', '8.8163700'),
(4820, 393, 3, '58.5083810', '8.6305330'),
(4821, 1197, 5, '58.4115000', '8.6374000'),
(4823, 1016, 3, '58.4151000', '8.7005000'),
(4824, 99, 3, '58.4414000', '8.7090000'),
(4825, 23, 3, '58.4456800', '8.7309700'),
(4827, 394, 3, '58.5009150', '8.5807560'),
(4828, 966, 3, '58.5367000', '8.4896000'),
(4830, 650, 3, '58.6019850', '8.4182740'),
(4832, 994, 3, '58.6322000', '8.2744000'),
(4834, 1165, 3, '58.6719700', '8.1287500'),
(4836, 23, 3, '58.4591500', '8.7607500'),
(4838, 23, 3, '58.4641900', '8.7602100'),
(4839, 23, 3, '58.4519800', '8.7473300'),
(4841, 23, 3, '58.4630000', '8.7750000'),
(4842, 23, 3, '58.4710100', '8.7969500'),
(4843, 23, 3, '58.4735300', '8.7862300'),
(4844, 23, 3, '58.4741200', '8.7733300'),
(4846, 23, 3, '58.4768300', '8.7607800'),
(4847, 23, 3, '58.4623000', '8.7482400'),
(4848, 23, 3, '58.4818200', '8.7271790'),
(4849, 23, 3, '58.5235000', '8.7854900'),
(4851, 1229, 4, '58.4948800', '8.8476000'),
(4852, 405, 4, '58.4565500', '8.8187400'),
(4853, 582, 4, '58.4459500', '8.7567600'),
(4854, 1016, 4, '58.4165400', '8.7018900'),
(4855, 393, 4, '58.5079200', '8.6302900'),
(4856, 23, 4, '58.4653300', '8.7091500'),
(4857, 23, 4, '58.4653300', '8.7091500'),
(4858, 23, 4, '58.4653300', '8.7091500'),
(4859, 23, 4, '58.4690200', '8.7877700'),
(4861, 23, 4, '58.4741300', '8.7740400'),
(4862, 302, 4, '58.4948800', '8.8476000'),
(4863, 1023, 5, '58.6583700', '8.6300800'),
(4864, 1798, 4, '58.7697910', '8.4865530'),
(4865, 1798, 3, '58.7699700', '8.4883600'),
(4868, 1275, 3, '58.6916000', '8.7267000'),
(4869, 242, 3, '58.7100300', '8.3387950'),
(4870, 318, 3, '58.3816400', '8.6756100'),
(4876, 464, 3, '58.3394400', '8.5885200'),
(4877, 464, 3, '58.3444900', '8.5766300'),
(4878, 464, 3, '58.3503500', '8.5960600'),
(4879, 464, 3, '58.3203700', '8.5678300'),
(4884, 464, 4, '58.3399400', '8.5547800'),
(4885, 464, 3, '58.3903770', '8.6359120'),
(4886, 464, 3, '58.3531400', '8.5148300'),
(4887, 464, 3, '58.2958700', '8.5114100'),
(4888, 606, 3, '58.2678980', '8.5113360'),
(4889, 318, 4, '58.3816400', '8.6756100'),
(4891, 464, 4, '58.3405000', '8.5934000'),
(4892, 464, 4, '58.3405000', '8.5934000'),
(4894, 464, 1, '58.3445100', '8.5840500'),
(4895, 464, 1, '58.3445100', '8.5840500'),
(4896, 464, 1, '58.3445100', '8.5840500'),
(4898, 464, 2, '58.3405000', '8.5934000'),
(4900, 1615, 3, '56.6233520', '8.9255330'),
(4901, 1615, 4, '58.6260200', '8.9263700'),
(4902, 1615, 4, '58.6260200', '8.9263700'),
(4909, 1385, 3, '58.6852640', '9.0041840'),
(4910, 910, 5, '58.6335000', '9.1304000'),
(4912, 439, 3, '58.6471000', '9.1239300'),
(4915, 1716, 3, '58.5879900', '9.0390400'),
(4916, 131, 3, '58.5771100', '9.0026500'),
(4920, 1409, 5, '58.5627000', '8.9827000'),
(4934, 1031, 3, '58.6289000', '8.8566700'),
(4950, 1167, 3, '58.7206000', '9.2342000'),
(4951, 1167, 4, '58.7205100', '9.2349100'),
(4952, 1167, 4, '58.7205100', '9.2349100'),
(4953, 1167, 4, '58.7205100', '9.2349100'),
(4955, 1167, 4, '58.7156500', '9.2217300'),
(4971, 1473, 4, '58.8221700', '9.0739200'),
(4972, 433, 4, '58.8812700', '9.0187100'),
(4973, 1697, 4, '58.7492100', '8.8642100'),
(4974, 1513, 4, '58.7604300', '9.0754300'),
(4980, 433, 3, '58.8809660', '9.0188640'),
(4985, 1697, 3, '58.7492590', '8.8626520'),
(4990, 1513, 3, '58.7602550', '9.0754690'),
(4993, 1473, 3, '58.8218740', '9.0727330'),
(4994, 6, 3, '58.7320890', '9.0390010'),
(5003, 81, 3, '60.3992180', '5.3226830'),
(5004, 81, 3, '60.3977870', '5.3110310'),
(5005, 81, 3, '60.3967200', '5.3120400'),
(5006, 81, 5, '60.3836130', '5.3219050'),
(5007, 81, 3, '60.3871650', '5.3230560'),
(5008, 81, 3, '60.3865800', '5.3301500'),
(5009, 81, 3, '60.3805200', '5.3597600'),
(5010, 81, 3, '60.3909700', '5.3160100'),
(5011, 81, 3, '60.3940000', '5.3148600'),
(5012, 81, 3, '60.3933000', '5.3214000'),
(5013, 81, 3, '60.3943000', '5.3225800'),
(5014, 81, 3, '60.3918620', '5.3229020'),
(5015, 81, 3, '60.3901000', '5.3214000'),
(5016, 81, 3, '60.3928850', '5.3292040'),
(5017, 81, 3, '60.3939160', '5.3304230'),
(5018, 81, 3, '60.3904300', '5.3396600'),
(5019, 81, 3, '60.3879490', '5.3537320'),
(5020, 81, 2, '60.3930000', '5.3242000'),
(5021, 81, 1, '60.3739140', '5.3595690'),
(5031, 81, 3, '60.3990800', '5.3302310'),
(5032, 81, 3, '60.4006000', '5.3224000'),
(5033, 81, 3, '60.4036480', '5.3245390'),
(5034, 81, 3, '60.3896030', '5.2851100'),
(5035, 81, 3, '60.4086300', '5.3209500'),
(5036, 81, 3, '60.4079000', '5.3250600'),
(5037, 81, 3, '60.4066790', '5.3284070'),
(5038, 81, 3, '60.4280800', '5.3018000'),
(5039, 81, 3, '60.4365370', '5.2861400'),
(5041, 81, 2, '60.4232600', '5.3064300'),
(5042, 81, 3, '60.4211620', '5.3051830'),
(5043, 81, 3, '60.4246570', '5.2978990'),
(5045, 81, 2, '60.4229400', '5.3024300'),
(5052, 81, 3, '60.3713600', '5.3537800'),
(5053, 81, 3, '60.3747570', '5.3482820'),
(5054, 81, 3, '60.3746510', '5.3379770'),
(5055, 81, 3, '60.3722400', '5.3341900'),
(5056, 81, 3, '60.3781400', '5.3240830'),
(5057, 81, 3, '60.3782780', '5.3241340'),
(5058, 81, 3, '60.3780870', '5.3311590'),
(5059, 81, 3, '60.3714130', '5.3476490'),
(5063, 81, 3, '60.3651500', '5.3518500'),
(5067, 81, 3, '60.3627900', '5.3567820'),
(5068, 81, 3, '60.3580150', '5.3427010'),
(5072, 81, 3, '60.3501200', '5.3477500'),
(5073, 81, 3, '60.3547030', '5.3361970'),
(5075, 81, 2, '60.3458700', '5.3547500'),
(5081, 81, 3, '60.3436100', '5.3592210'),
(5089, 81, 3, '60.3585900', '5.3629900'),
(5093, 81, 3, '60.3587000', '5.3572300'),
(5094, 81, 3, '60.3558300', '5.3663700'),
(5096, 81, 3, '60.3682800', '5.3706600'),
(5097, 81, 3, '60.3587900', '5.3720400'),
(5098, 81, 3, '60.3447800', '5.3761000'),
(5099, 81, 3, '60.3388000', '5.3656600'),
(5101, 261, 3, '60.4430400', '5.2886200'),
(5104, 260, 3, '60.4400310', '5.2981530'),
(5105, 260, 3, '60.4364530', '5.3191230'),
(5106, 1838, 3, '60.4465400', '5.3207000'),
(5107, 1225, 3, '60.5071710', '5.2671310'),
(5108, 613, 3, '60.5186300', '5.2934500'),
(5109, 648, 3, '60.5063000', '5.3549600'),
(5111, 146, 3, '60.4856450', '5.4043080'),
(5113, 1551, 5, '60.4557900', '5.2955600'),
(5114, 1551, 3, '60.4588100', '5.2814600'),
(5115, 1639, 3, '60.4614500', '5.3318500'),
(5116, 1639, 3, '60.4619000', '5.3234700'),
(5117, 1639, 3, '60.4696050', '5.3000990'),
(5118, 1639, 3, '60.4658400', '5.3104700'),
(5119, 1639, 3, '60.4616500', '5.3085200'),
(5121, 1639, 3, '60.4647000', '5.2932300'),
(5122, 984, 3, '60.4672400', '5.2809700'),
(5124, 984, 5, '60.4473655', '5.2682450'),
(5131, 1080, 3, '60.4770400', '5.3544700'),
(5132, 1080, 3, '60.4670350', '5.3455540'),
(5134, 347, 3, '60.4639040', '5.3631950'),
(5135, 347, 3, '60.4651700', '5.3572200'),
(5136, 967, 3, '60.4847100', '5.2646800'),
(5137, 967, 3, '60.4913500', '5.2693400'),
(5141, 401, 5, '60.3358800', '5.2588800'),
(5142, 401, 3, '60.3452000', '5.2689500'),
(5143, 401, 3, '60.3404360', '5.2853360'),
(5144, 401, 3, '60.3495240', '5.2895310'),
(5145, 401, 3, '60.3575800', '5.2937500'),
(5146, 401, 3, '60.3635540', '5.2954640'),
(5147, 401, 3, '60.3493540', '5.2905450'),
(5148, 401, 3, '60.3462700', '5.3017900'),
(5151, 1454, 3, '60.3237000', '5.2703000'),
(5152, 203, 3, '60.3339400', '5.3082600'),
(5155, 203, 3, '60.3285730', '5.2932430'),
(5161, 824, 3, '60.3756900', '5.3047710'),
(5162, 824, 3, '60.3827000', '5.2994800'),
(5163, 824, 3, '60.3918930', '5.2769420'),
(5164, 824, 3, '60.3852140', '5.2708200'),
(5171, 883, 5, '60.3632200', '5.2336200'),
(5172, 883, 3, '60.3616800', '5.2279900'),
(5173, 883, 3, '60.3547300', '5.2259300'),
(5174, 937, 5, '60.3337200', '5.2115300'),
(5177, 108, 3, '60.3186800', '5.1769300'),
(5178, 883, 3, '60.3818100', '5.2272800'),
(5179, 448, 3, '60.3783000', '5.1983000'),
(5183, 1096, 3, '60.3808300', '5.2195700'),
(5184, 1096, 3, '60.3833000', '5.2164300'),
(5200, 1112, 3, '60.1867600', '5.4646900'),
(5201, 1112, 4, '60.1853800', '5.4714700'),
(5202, 1112, 4, '60.1853800', '5.4714700'),
(5203, 1112, 4, '60.1853800', '5.4714700'),
(5206, 1112, 4, '60.2047400', '5.4498300'),
(5207, 1509, 4, '60.2370100', '5.4416400'),
(5212, 1509, 3, '60.2370840', '5.4441580'),
(5215, 913, 5, '60.2134500', '5.3873700'),
(5216, 861, 5, '60.1456028', '5.3786528'),
(5217, 491, 3, '60.1803680', '5.4005530'),
(5218, 1069, 3, '60.1663010', '5.3411970'),
(5219, 1336, 3, '60.3321400', '5.3775200'),
(5221, 1035, 3, '60.3131570', '5.3466940'),
(5222, 1035, 3, '60.3079490', '5.3524880'),
(5223, 1035, 3, '60.3133400', '5.3689400'),
(5224, 1035, 3, '60.3195320', '5.3651050'),
(5225, 1035, 3, '60.3332990', '5.3832580'),
(5226, 1035, 3, '60.3403500', '5.3936700'),
(5227, 1035, 3, '60.2977200', '5.3796600'),
(5229, 703, 3, '60.2865300', '5.4389600'),
(5231, 1125, 3, '60.3477830', '5.3462370'),
(5232, 1125, 3, '60.3334200', '5.3064600'),
(5235, 1201, 3, '60.3052200', '5.3180900'),
(5236, 1201, 5, '60.3037400', '5.3378200'),
(5238, 1201, 3, '60.2998700', '5.3504900'),
(5239, 1201, 3, '60.2974460', '5.3302150'),
(5243, 306, 3, '60.2630490', '5.3464900'),
(5244, 306, 3, '60.2634000', '5.3459000'),
(5251, 1524, 3, '60.3134000', '5.2700000'),
(5252, 1524, 3, '60.3070140', '5.2737810'),
(5253, 1245, 3, '60.3072300', '5.2856600'),
(5254, 1245, 3, '60.2930010', '5.2765700'),
(5257, 749, 3, '60.2964000', '5.2618500'),
(5258, 115, 3, '60.2837700', '5.2514900'),
(5259, 586, 5, '60.2594030', '5.2576450'),
(5260, 668, 3, '60.4308000', '5.4688500'),
(5261, 668, 3, '60.4194400', '5.4655300'),
(5262, 24, 3, '60.4075800', '5.4775100'),
(5263, 1593, 3, '60.4284300', '5.6275200'),
(5264, 416, 3, '60.4413220', '5.4626940'),
(5265, 1773, 3, '60.4581800', '5.4369800'),
(5267, 294, 3, '60.3829600', '5.4624800'),
(5268, 530, 3, '60.3596300', '5.4548600'),
(5281, 1662, 3, '60.5057300', '5.4217600'),
(5282, 889, 3, '60.5255400', '5.5032800'),
(5283, 386, 3, '60.5917300', '5.5221100'),
(5284, 1625, 3, '60.6181300', '5.5855600'),
(5285, 165, 3, '60.4805900', '5.6798000'),
(5286, 531, 3, '60.4498000', '5.4987800'),
(5291, 1662, 4, '60.5052900', '5.4300900'),
(5293, 889, 4, '60.5258500', '5.4959400'),
(5299, 531, 4, '60.4538000', '5.4933200'),
(5300, 737, 3, '60.4123690', '5.2218100'),
(5302, 1457, 3, '60.4040830', '5.1906540'),
(5303, 377, 3, '60.4092540', '5.1571980'),
(5304, 579, 3, '60.4241000', '5.1480400'),
(5305, 362, 3, '60.4198480', '5.2385040'),
(5306, 289, 3, '60.4433970', '5.2271280'),
(5307, 28, 3, '60.4785830', '5.2136140'),
(5310, 527, 3, '60.4599210', '5.1511140'),
(5314, 723, 5, '60.5033990', '5.0670360'),
(5315, 565, 3, '60.5716210', '4.9522590'),
(5318, 1457, 4, '60.4063700', '5.1943700'),
(5319, 737, 4, '60.4224100', '5.2032900'),
(5321, 737, 4, '60.4116600', '5.2261500'),
(5322, 737, 4, '60.4116600', '5.2261500'),
(5323, 737, 4, '60.4116600', '5.2261500'),
(5325, 377, 4, '60.4093300', '5.1570900'),
(5326, 28, 4, '60.4793650', '5.2146110'),
(5327, 527, 4, '60.4599400', '5.1512200'),
(5329, 362, 4, '60.4231900', '5.2389400'),
(5331, 1179, 4, '60.4989300', '4.9240000'),
(5333, 1560, 4, '60.5898800', '4.8407600'),
(5334, 552, 3, '60.6604800', '4.7912180'),
(5335, 568, 5, '60.6879700', '4.7221400'),
(5336, 1560, 3, '60.5986000', '4.8442000'),
(5337, 1179, 3, '60.4989400', '4.9240300'),
(5341, 1450, 4, '60.3584900', '5.1267100'),
(5342, 1450, 4, '60.3584900', '5.1267100'),
(5343, 1450, 4, '60.3584900', '5.1267100'),
(5345, 745, 4, '60.3741000', '5.1590100'),
(5346, 1784, 4, '60.4079600', '5.0023500'),
(5347, 820, 5, '60.4079600', '5.0023500'),
(5350, 143, 3, '60.3495000', '5.1600000'),
(5353, 1450, 3, '60.3585670', '5.1255510'),
(5355, 745, 3, '60.3738000', '5.1578000'),
(5357, 336, 3, '60.3571000', '5.1242000'),
(5358, 336, 4, '60.3306900', '5.0768000'),
(5363, 1784, 3, '60.4079700', '5.0023600'),
(5365, 1612, 3, '60.4475670', '4.9152920'),
(5366, 962, 3, '60.4515000', '4.9647000'),
(5371, 1331, 4, '60.2594700', '5.0682100'),
(5373, 740, 4, '60.2247000', '5.1509000'),
(5374, 1419, 4, '60.2032400', '5.0867500'),
(5378, 740, 3, '60.2243400', '5.1508200'),
(5379, 1419, 3, '60.2029810', '5.0861550'),
(5380, 1630, 3, '60.2616400', '4.9822300'),
(5381, 444, 3, '60.2044000', '5.0403000'),
(5382, 1331, 3, '60.2702800', '5.0726420'),
(5384, 1579, 3, '60.1139000', '5.1541000'),
(5385, 54, 3, '60.1308000', '5.0888000'),
(5387, 1005, 5, '60.0604900', '5.0957900'),
(5388, 881, 3, '60.0408400', '5.0860300'),
(5392, 1433, 3, '60.0949000', '5.2270000'),
(5393, 1433, 4, '60.0939800', '5.2296300'),
(5394, 750, 3, '60.0412000', '5.2025000'),
(5396, 1717, 3, '60.0103000', '5.2665000'),
(5397, 79, 3, '60.0071390', '5.2047840'),
(5398, 1428, 3, '59.9996000', '5.0807400'),
(5399, 79, 4, '60.0072400', '5.2045300'),
(5401, 1431, 4, '59.7818300', '5.4995300'),
(5402, 1431, 4, '59.7818300', '5.4995300'),
(5403, 1431, 4, '59.7818300', '5.4995300'),
(5404, 1431, 4, '59.7818300', '5.4995300'),
(5405, 1431, 4, '59.7818300', '5.4995300'),
(5406, 1431, 4, '59.7649500', '5.4612700'),
(5407, 1431, 4, '59.8034300', '5.5186500'),
(5408, 1224, 4, '59.7749500', '5.3918800'),
(5409, 1431, 2, '59.7798000', '5.5005000'),
(5410, 1224, 3, '59.7756060', '5.3930300'),
(5411, 1431, 3, '59.7722400', '5.4967900'),
(5412, 1431, 3, '59.7637900', '5.4610000'),
(5414, 1431, 3, '59.8147200', '5.5219700'),
(5415, 1431, 3, '59.7896500', '5.4227500'),
(5416, 1431, 3, '59.7950000', '5.5165400'),
(5417, 1431, 3, '59.7831100', '5.4952000'),
(5418, 334, 4, '59.9181400', '5.3160500'),
(5419, 334, 3, '59.9177530', '5.3163530'),
(5420, 1187, 3, '59.8146500', '5.2634200'),
(5423, 136, 3, '59.8943620', '5.0895880'),
(5427, 1646, 3, '59.8028790', '5.1762030'),
(5428, 371, 3, '59.7937100', '5.3052000'),
(5430, 155, 3, '59.7925170', '5.1722170'),
(5437, 326, 3, '59.7450000', '5.2595000'),
(5440, 988, 3, '59.7022480', '5.3764340'),
(5443, 201, 3, '59.7943000', '5.1853000'),
(5444, 295, 5, '59.5885200', '5.1532100'),
(5445, 155, 4, '59.7944000', '5.1724000'),
(5447, 988, 4, '59.6988100', '5.3877500'),
(5449, 201, 4, '59.6045000', '5.2390400'),
(5450, 1472, 3, '59.8366100', '5.7182900'),
(5451, 1661, 5, '59.8320400', '5.7838700'),
(5452, 1251, 3, '59.8016200', '5.8255000'),
(5453, 1654, 3, '59.7858400', '5.8995700'),
(5454, 1503, 3, '59.7951000', '5.7097000'),
(5455, 498, 3, '59.7976000', '5.6544000'),
(5457, 663, 3, '59.7840000', '5.8038000'),
(5458, 25, 3, '59.7580000', '5.7483000'),
(5459, 335, 3, '59.7259800', '5.6928300'),
(5460, 636, 3, '59.8601600', '5.7504500'),
(5462, 574, 5, '59.9236300', '5.7946800'),
(5463, 1647, 3, '59.9344600', '5.8665900'),
(5464, 224, 3, '59.9524300', '5.9784800'),
(5465, 1647, 4, '59.9312200', '5.8602000'),
(5470, 1181, 3, '59.5909000', '6.0041000'),
(5472, 1265, 3, '59.9647210', '5.9963920'),
(5473, 1370, 3, '59.9815140', '5.9553790'),
(5474, 917, 3, '60.0337800', '6.0129000'),
(5475, 1821, 3, '60.0925000', '6.1133000'),
(5476, 942, 3, '60.1172000', '6.2661000'),
(5480, 636, 4, '59.8610100', '5.7551600'),
(5484, 1503, 4, '59.7950000', '5.7143500'),
(5486, 1181, 4, '59.9864300', '6.0099100'),
(5497, 627, 3, '59.8484200', '5.5758700'),
(5498, 939, 3, '59.8590000', '5.9932000'),
(5499, 1787, 3, '59.7901000', '6.1023000'),
(5501, 526, 4, '59.4143900', '5.2691900'),
(5502, 526, 4, '59.4143900', '5.2691900'),
(5503, 526, 4, '59.4143900', '5.2691900'),
(5504, 526, 4, '59.4174500', '5.2716500'),
(5505, 526, 4, '59.3951300', '5.3339700'),
(5506, 526, 4, '59.4026040', '5.2897990'),
(5507, 526, 4, '59.4270500', '5.2636400'),
(5508, 712, 4, '59.3781000', '5.3085100'),
(5509, 526, 4, '59.4138000', '5.2680000'),
(5511, 526, 4, '59.4102100', '5.3191000'),
(5512, 526, 4, '59.4173300', '5.2957900'),
(5514, 526, 3, '59.4662200', '5.2788800'),
(5515, 526, 3, '59.4290800', '5.2588360'),
(5516, 526, 3, '59.4340120', '5.2682450'),
(5517, 526, 3, '59.4386710', '5.2867200'),
(5518, 526, 5, '59.4270500', '5.2636400'),
(5519, 526, 3, '59.4218600', '5.2886000'),
(5521, 526, 3, '59.4156600', '5.2865600'),
(5522, 526, 3, '59.4176700', '5.2761600'),
(5523, 526, 3, '59.4185000', '5.2604300'),
(5525, 526, 3, '59.4161800', '5.2679000'),
(5527, 526, 3, '59.4119200', '5.2684900'),
(5528, 526, 3, '59.4097800', '5.2756200'),
(5529, 526, 3, '59.4016300', '5.2847800'),
(5531, 526, 3, '59.4039590', '5.2913330'),
(5532, 526, 3, '59.4094000', '5.2995100'),
(5533, 526, 3, '59.4115000', '5.3216300'),
(5534, 526, 3, '59.4086220', '5.3322830'),
(5535, 526, 3, '59.4000200', '5.3134400'),
(5536, 526, 3, '59.3938500', '5.3251500'),
(5537, 526, 3, '59.3920500', '5.3112700'),
(5538, 526, 3, '59.3916500', '5.2957100'),
(5541, 756, 3, '59.4007000', '5.3648500'),
(5542, 712, 3, '59.3778350', '5.3068260'),
(5544, 1752, 4, '59.3549500', '5.3241300'),
(5545, 1752, 3, '59.3557800', '5.3224600'),
(5546, 1220, 3, '59.3276100', '5.3619100'),
(5547, 1651, 5, '59.2993100', '4.8916100'),
(5548, 320, 5, '59.3802800', '5.1614600'),
(5549, 1218, 5, '59.4396500', '5.0912400'),
(5550, 1488, 3, '59.5419000', '5.3518000'),
(5551, 35, 3, '59.6321500', '5.3912300'),
(5554, 1663, 5, '59.6993000', '5.4725000'),
(5555, 407, 5, '59.6124240', '5.4738710'),
(5559, 1488, 4, '59.5439400', '5.3585300'),
(5560, 1021, 5, '59.3567000', '5.8331100'),
(5561, 121, 5, '59.2323600', '5.4394100'),
(5563, 408, 3, '59.4163300', '5.4045010'),
(5565, 1627, 3, '59.3243700', '5.4878200'),
(5566, 572, 3, '59.3195500', '5.5938830'),
(5567, 1322, 5, '59.4301000', '5.6140000'),
(5568, 1730, 3, '59.5958100', '5.5838100'),
(5570, 7, 3, '59.4214610', '5.4455280'),
(5574, 1321, 5, '59.5026500', '5.5871800'),
(5575, 7, 4, '59.4220000', '5.4456800'),
(5576, 1841, 5, '59.5284900', '5.6741000'),
(5578, 1020, 5, '59.4787300', '5.7337400'),
(5580, 1824, 3, '59.6061400', '5.8196600'),
(5582, 1825, 5, '59.5967300', '5.7424010'),
(5583, 1731, 3, '59.4981730', '5.9026460'),
(5584, 97, 5, '59.6791500', '5.6074800'),
(5585, 1237, 3, '59.5441400', '5.8663600'),
(5586, 1731, 4, '59.4979300', '5.9040300'),
(5588, 1824, 4, '59.6063400', '5.8123300'),
(5589, 1237, 4, '59.5416800', '5.8685000'),
(5590, 296, 3, '59.6645980', '5.9338620'),
(5591, 296, 4, '59.6644890', '5.9326600'),
(5593, 1351, 3, '59.7319900', '5.9319400'),
(5594, 1351, 4, '59.7326800', '5.9330800'),
(5595, 408, 4, '59.4166300', '5.4049100'),
(5596, 934, 3, '59.8188490', '6.2287310'),
(5598, 342, 3, '59.8747030', '6.3828380'),
(5600, 1075, 3, '60.3728580', '6.1446730'),
(5601, 1075, 4, '60.3727600', '6.1453500'),
(5602, 1075, 4, '60.3727600', '6.1453500'),
(5604, 1849, 4, '60.3873100', '6.2004900'),
(5605, 1794, 4, '60.4311900', '6.4315800'),
(5610, 1849, 3, '60.3864440', '6.2011710'),
(5612, 1420, 3, '60.3935580', '6.2816260'),
(5614, 1794, 3, '60.4310950', '6.4321730'),
(5620, 1634, 3, '60.3005770', '6.1691130'),
(5626, 819, 3, '60.1830300', '6.1100300'),
(5627, 692, 3, '60.2763660', '6.2520580'),
(5628, 564, 3, '60.3421720', '6.3777460'),
(5629, 692, 4, '60.2758500', '6.2519900'),
(5630, 1448, 5, '60.2609890', '6.0109560'),
(5632, 1098, 5, '60.2207800', '5.9793200'),
(5635, 522, 5, '60.0605570', '5.9144100'),
(5636, 1682, 3, '60.0981900', '5.9861400'),
(5637, 1826, 3, '60.0103520', '5.8058880'),
(5640, 265, 3, '60.2404500', '5.7466200'),
(5641, 400, 5, '60.1969450', '5.6133270'),
(5642, 599, 3, '60.2871950', '5.6633660'),
(5643, 1449, 3, '60.1597000', '5.6673000'),
(5645, 1507, 5, '60.1913400', '5.7626200'),
(5646, 1070, 3, '60.1000000', '5.7381000'),
(5647, 55, 3, '60.1470000', '5.7486000'),
(5649, 265, 4, '60.2411000', '5.7472700'),
(5650, 1624, 5, '60.3748370', '5.7548640'),
(5652, 1808, 3, '60.4013400', '5.7308100'),
(5653, 1808, 4, '60.4013400', '5.7308100'),
(5680, 1623, 3, '60.0435040', '5.5226900'),
(5682, 450, 3, '60.0668000', '5.5630000'),
(5683, 1152, 3, '60.0398000', '5.4333000'),
(5685, 1636, 3, '60.0040000', '5.5288000'),
(5687, 352, 3, '59.9399000', '5.5199000'),
(5690, 900, 3, '60.0600000', '5.6424000'),
(5693, 1805, 3, '59.9904900', '5.6808600'),
(5694, 1101, 3, '59.9468440', '5.6280900'),
(5695, 1636, 4, '59.9812200', '5.4843800'),
(5696, 1623, 4, '60.0400700', '5.5250700'),
(5700, 1754, 5, '60.6279100', '6.4195700'),
(5701, 1754, 4, '60.6279100', '6.4195700'),
(5702, 1754, 4, '60.6279100', '6.4195700'),
(5703, 1754, 4, '60.6279100', '6.4195700'),
(5707, 298, 3, '60.6462100', '6.1052000'),
(5710, 1345, 5, '60.6600000', '6.4352100'),
(5712, 1755, 4, '60.7925300', '6.5092900'),
(5713, 1755, 3, '60.7918880', '6.5083690'),
(5715, 1402, 3, '60.8390000', '6.6833000'),
(5718, 997, 3, '60.7355900', '7.1217800'),
(5719, 328, 5, '60.6028800', '7.4924100'),
(5721, 212, 4, '60.5907200', '5.8204900'),
(5722, 212, 3, '60.5888000', '5.8195500'),
(5723, 123, 3, '60.6423900', '5.9657300'),
(5724, 1406, 5, '60.5514300', '5.7369800'),
(5725, 1658, 3, '60.4776200', '5.7424400'),
(5726, 1658, 4, '60.4776200', '5.7424400'),
(5727, 1403, 5, '60.6641860', '5.7480380'),
(5728, 255, 3, '60.6423900', '5.9657300'),
(5729, 972, 5, '60.8150800', '5.8027400'),
(5730, 1641, 3, '60.5679090', '6.9184260'),
(5731, 1641, 4, '60.5692700', '6.9160200'),
(5733, 455, 4, '60.5237500', '6.7179300'),
(5734, 1664, 3, '60.4849000', '6.8243000'),
(5736, 455, 3, '60.5239300', '6.7237300'),
(5741, 41, 4, '60.8735400', '7.3234800'),
(5742, 366, 4, '60.8629300', '7.1153800'),
(5743, 366, 3, '60.8522900', '7.1134500'),
(5745, 41, 3, '60.9063400', '7.1864320'),
(5746, 1645, 5, '60.9518500', '7.1035100'),
(5747, 477, 5, '60.8793700', '6.8453600'),
(5748, 1462, 3, '60.9417000', '6.9362000'),
(5749, 53, 3, '60.9163000', '6.8689000'),
(5750, 1089, 3, '60.0649600', '6.5453200'),
(5751, 1089, 4, '60.0702900', '6.5421400'),
(5760, 1211, 5, '59.8307800', '6.8226700'),
(5763, 1299, 3, '59.9320000', '6.5942000'),
(5770, 1626, 3, '60.1173900', '6.5611700'),
(5773, 625, 3, '60.2345970', '6.6171400'),
(5776, 1083, 5, '60.2497800', '6.5696200'),
(5777, 462, 3, '60.3870590', '6.6456990'),
(5778, 1650, 3, '60.4242760', '6.6206300'),
(5779, 1650, 4, '60.4242900', '6.6211200'),
(5780, 718, 3, '60.3750650', '6.7189010'),
(5781, 885, 3, '60.3247590', '6.6581550'),
(5782, 718, 4, '60.3759700', '6.7212700'),
(5783, 250, 3, '60.4661250', '7.0695520'),
(5784, 1837, 3, '60.4055030', '7.1292900'),
(5785, 1770, 3, '60.4101200', '7.3133800'),
(5786, 250, 4, '60.4660720', '7.0697880'),
(5787, 885, 4, '60.3261700', '6.6592000'),
(5788, 718, 1, '60.3757000', '6.7225000'),
(5803, 81, 4, '60.3926700', '5.3263400'),
(5804, 81, 4, '60.3926700', '5.3263400'),
(5805, 81, 4, '60.3926700', '5.3263400'),
(5806, 81, 4, '60.3926700', '5.3263400'),
(5807, 81, 4, '60.3926700', '5.3263400'),
(5808, 81, 4, '60.3926700', '5.3263400'),
(5809, 81, 4, '60.3926700', '5.3263400'),
(5811, 81, 4, '60.3926700', '5.3263400'),
(5812, 81, 4, '60.3998900', '5.3255200'),
(5815, 81, 4, '60.4247500', '5.3052400'),
(5816, 81, 4, '60.3974200', '5.3113600'),
(5817, 81, 4, '60.3974200', '5.3113600'),
(5818, 81, 4, '60.4367300', '5.2864800'),
(5819, 81, 4, '60.3716900', '5.3474100'),
(5821, 81, 4, '60.3599500', '5.3517900'),
(5822, 81, 4, '60.3606600', '5.3431200'),
(5824, 81, 4, '60.3748500', '5.3381900'),
(5825, 81, 4, '60.3511400', '5.3689100'),
(5828, 81, 4, '60.3736100', '5.2214000'),
(5829, 81, 4, '60.3674100', '5.3669100'),
(5831, 81, 4, '60.3997000', '5.3241400'),
(5835, 81, 4, '60.3998900', '5.3255200'),
(5836, 81, 4, '60.3846000', '5.3213000'),
(5838, 81, 4, '60.3869700', '5.3322100'),
(5841, 81, 4, '60.4140400', '5.3202800'),
(5845, 81, 4, '60.3489600', '5.2918000'),
(5847, 81, 4, '60.3906500', '5.2864200'),
(5848, 81, 4, '60.3853500', '5.2710500'),
(5849, 81, 4, '60.3281700', '5.2931400'),
(5851, 81, 4, '60.3085000', '5.3564000'),
(5852, 81, 4, '60.3196500', '5.3542200'),
(5853, 81, 4, '60.3196500', '5.3542200'),
(5854, 81, 4, '60.3487100', '5.3359500'),
(5857, 81, 4, '60.2977330', '5.3307620'),
(5858, 81, 4, '60.2977330', '5.3307620'),
(5859, 81, 4, '60.2628000', '5.3442600'),
(5861, 81, 4, '60.3051800', '5.2825600'),
(5862, 81, 4, '60.3051800', '5.2825600'),
(5863, 81, 4, '60.2916000', '5.2609900'),
(5864, 81, 4, '60.3062700', '5.3227800'),
(5868, 81, 4, '60.2838300', '5.2500400'),
(5869, 81, 4, '60.2923000', '5.2221000'),
(5871, 81, 4, '60.4686000', '5.3361000'),
(5872, 81, 4, '60.4646600', '5.3216800'),
(5873, 81, 4, '60.4646600', '5.3216800'),
(5876, 81, 4, '60.4437400', '5.3258000'),
(5877, 81, 4, '60.5090400', '5.3473600'),
(5878, 81, 4, '60.4859600', '5.2715700'),
(5879, 81, 4, '60.4736200', '5.3360800'),
(5881, 81, 4, '60.3632200', '5.2336200'),
(5882, 81, 4, '60.3632200', '5.2336200'),
(5883, 81, 4, '60.3765000', '5.2057000'),
(5884, 81, 4, '60.3822700', '5.2192000'),
(5886, 81, 4, '60.3413400', '5.2253800'),
(5887, 81, 4, '60.3740000', '5.3593000'),
(5888, 81, 4, '60.4213200', '5.4650200'),
(5889, 81, 4, '60.4600900', '5.4373300'),
(5892, 81, 4, '60.3389700', '5.2225800'),
(5893, 81, 4, '60.3880000', '5.3318000'),
(5895, 81, 4, '60.3155900', '5.2703900'),
(5896, 81, 4, '60.3344500', '5.3103800'),
(5899, 81, 4, '60.3460100', '5.3520000'),
(5902, 678, 4, '60.5473400', '5.2860900'),
(5903, 678, 4, '60.5473400', '5.2860900'),
(5904, 678, 4, '60.5473400', '5.2860900'),
(5906, 390, 4, '60.5176590', '5.2397810'),
(5907, 14, 4, '60.5649300', '5.2439500'),
(5908, 678, 4, '60.5557700', '5.2716500'),
(5911, 14, 3, '60.5713670', '5.2344700'),
(5912, 1264, 3, '60.6154700', '5.2719890'),
(5913, 263, 3, '60.6233700', '5.3774600'),
(5914, 678, 3, '60.5470700', '5.2902500'),
(5915, 588, 3, '60.5854100', '5.3640000'),
(5916, 678, 3, '60.5518800', '5.2834100'),
(5917, 1183, 5, '60.5613300', '5.0526900'),
(5918, 390, 3, '60.5176350', '5.2396380'),
(5931, 930, 4, '60.6406400', '5.0420000'),
(5936, 930, 3, '60.6406400', '5.0420000'),
(5937, 209, 5, '60.6986860', '4.9282590'),
(5938, 1504, 5, '60.6111000', '5.1448000'),
(5939, 1357, 3, '60.6836030', '5.0510290'),
(5941, 48, 4, '60.7835830', '4.9307160'),
(5943, 48, 3, '60.7835830', '4.9307160'),
(5947, 313, 3, '60.7769300', '4.7195300'),
(5948, 313, 4, '60.7787000', '4.7196000'),
(5951, 878, 4, '60.7350900', '5.1617400'),
(5953, 378, 5, '60.8032700', '4.9944700'),
(5954, 980, 3, '60.8045800', '5.0363600'),
(5955, 878, 3, '60.7399300', '5.1556700'),
(5956, 1762, 3, '60.7233340', '5.2169610'),
(5957, 993, 5, '60.7011000', '5.3226000'),
(5960, 217, 5, '60.9355200', '5.1466900'),
(5961, 149, 5, '61.0196700', '5.4617300'),
(5962, 100, 5, '61.0773300', '5.8324300'),
(5966, 271, 3, '60.9810500', '5.0737200'),
(5967, 271, 4, '61.0249200', '5.0481700'),
(5970, 188, 3, '60.8992900', '4.8486400'),
(5977, 1802, 3, '60.8902300', '4.9888700'),
(5978, 969, 3, '60.9144100', '4.9120200'),
(5979, 188, 4, '60.8997100', '4.8368700'),
(5981, 936, 3, '60.7753300', '5.3461500'),
(5983, 528, 5, '60.9054100', '5.5273300'),
(5984, 940, 3, '60.8743000', '5.5826000'),
(5986, 618, 3, '60.8351000', '5.2579000'),
(5987, 618, 4, '60.8349000', '5.2577100'),
(5991, 1118, 4, '60.6259200', '5.4728100'),
(5993, 1118, 3, '60.6233000', '5.4785000'),
(5994, 1728, 3, '60.6993060', '5.5873650'),
(6001, 1791, 4, '62.4715500', '6.1559100'),
(6002, 1791, 3, '62.4749800', '6.1602700'),
(6003, 1791, 3, '62.4719500', '6.1669300'),
(6004, 1791, 3, '62.4717800', '6.1491600'),
(6005, 1791, 3, '62.4705500', '6.1349900'),
(6006, 1791, 3, '62.4655350', '6.1138340'),
(6007, 1791, 3, '62.4728100', '6.1872400'),
(6008, 1791, 3, '62.4753000', '6.1954000'),
(6009, 1791, 3, '62.4740800', '6.2431600'),
(6010, 1791, 3, '62.4658920', '6.3633010'),
(6011, 1791, 3, '62.4687680', '6.3726180'),
(6012, 1791, 3, '62.4345500', '6.3917000'),
(6013, 1791, 3, '62.4314570', '6.4127000'),
(6014, 1791, 3, '62.4702000', '6.3148200'),
(6015, 1791, 3, '62.4660500', '6.2605400'),
(6016, 1791, 3, '62.4601500', '6.2732600'),
(6017, 1791, 3, '62.4637090', '6.3171740'),
(6018, 1791, 3, '62.4670600', '6.3455600'),
(6019, 1791, 3, '62.4776600', '6.3765800'),
(6020, 1791, 3, '62.4370000', '6.3558900'),
(6021, 1791, 4, '62.4724400', '6.2403500'),
(6022, 1791, 4, '62.4666600', '6.3610300'),
(6023, 1791, 4, '62.4418400', '6.3724600'),
(6024, 1791, 4, '62.4617500', '6.2787100'),
(6025, 1791, 2, '62.4717040', '6.3477870'),
(6026, 1791, 1, '62.4645000', '6.3130000'),
(6028, 1791, 4, '62.4668000', '6.1144700'),
(6030, 832, 3, '62.4408000', '6.2033300'),
(6035, 331, 3, '62.4354600', '6.2717800'),
(6036, 943, 3, '62.4215290', '6.2709190'),
(6037, 256, 5, '62.4275700', '6.3162700'),
(6038, 331, 4, '62.4402400', '6.2730700'),
(6039, 832, 4, '62.4419170', '6.1929200'),
(6040, 1724, 3, '62.5823000', '6.1230000'),
(6045, 1791, 4, '62.4643900', '6.3171900'),
(6046, 1791, 4, '62.4679500', '6.2920200'),
(6050, 1660, 3, '62.5062300', '6.1248500'),
(6051, 1660, 4, '62.5069300', '6.1023400'),
(6052, 427, 3, '62.5047500', '6.0480600'),
(6055, 449, 5, '62.4756310', '6.0386180'),
(6057, 274, 3, '62.4966000', '6.2993500'),
(6058, 1660, 4, '62.5062300', '6.1248300'),
(6059, 1724, 4, '62.5822600', '6.1230400'),
(6060, 512, 3, '62.3732000', '6.0276850'),
(6062, 135, 3, '62.4000900', '6.0066000'),
(6063, 591, 5, '62.3528500', '6.0701700'),
(6064, 486, 5, '62.2824370', '5.8692310'),
(6065, 1640, 3, '62.3408050', '5.8518610'),
(6067, 1640, 4, '62.3407600', '5.8516500'),
(6068, 269, 3, '62.2534610', '5.8877080'),
(6069, 512, 4, '62.3718770', '6.0281580'),
(6070, 1566, 3, '62.2859300', '5.7284920'),
(6076, 979, 5, '62.2937530', '5.6339260'),
(6080, 480, 5, '62.2472200', '5.7820400'),
(6082, 479, 3, '62.2274600', '5.6220600'),
(6083, 432, 5, '62.2584150', '5.5852170'),
(6084, 838, 3, '62.2033000', '5.5776500'),
(6085, 838, 4, '62.2061900', '5.5717800'),
(6087, 800, 5, '62.1972650', '5.4188180'),
(6089, 1244, 5, '62.2506600', '5.4778100'),
(6090, 382, 3, '62.3377800', '5.6374800'),
(6092, 247, 3, '62.3262590', '5.6378750'),
(6094, 850, 3, '62.3519100', '5.6711700'),
(6095, 200, 3, '62.3544000', '5.7339000'),
(6096, 1191, 3, '62.3979800', '5.6421400'),
(6098, 1024, 3, '62.3429400', '5.5931700'),
(6099, 382, 4, '62.3379300', '5.6385800'),
(6100, 1749, 3, '62.1459380', '6.0699460'),
(6101, 1749, 4, '62.1464400', '6.0689700'),
(6110, 45, 3, '62.0630750', '6.3251850'),
(6120, 373, 3, '62.1187000', '6.0237900'),
(6133, 843, 5, '62.1641200', '5.9433000'),
(6139, 332, 4, '62.1012200', '5.5568500'),
(6140, 1501, 5, '62.0885500', '5.7433400'),
(6141, 1185, 3, '62.1777700', '5.7575200'),
(6142, 262, 3, '62.1286600', '5.6689100'),
(6143, 332, 3, '62.1012800', '5.5556000'),
(6144, 1500, 3, '62.0578000', '5.6209500'),
(6146, 1786, 5, '62.0363430', '5.5301570'),
(6149, 1804, 3, '62.1739470', '5.4410860'),
(6150, 1831, 3, '62.2029000', '6.1272000'),
(6151, 1831, 4, '62.1988400', '6.1260000'),
(6160, 620, 3, '62.1859500', '6.0792600'),
(6161, 620, 4, '62.1826000', '6.0841700'),
(6165, 1502, 3, '62.2090300', '6.4733300'),
(6166, 1502, 4, '62.2097900', '6.4763400'),
(6170, 1686, 5, '62.3011300', '6.0831900'),
(6174, 69, 3, '62.3582200', '6.2572900'),
(6183, 1590, 3, '62.2658600', '6.4946600'),
(6184, 1436, 3, '62.2574900', '6.3975500'),
(6190, 103, 3, '62.1059500', '6.5533900'),
(6196, 1044, 3, '62.2121000', '6.5724000'),
(6200, 1447, 3, '62.3073780', '6.9445990'),
(6201, 1447, 4, '62.3070600', '6.9455500'),
(6210, 1665, 3, '62.3003800', '7.2615100'),
(6211, 1665, 4, '62.3003800', '7.2615100'),
(6212, 868, 3, '62.3135000', '7.0658800'),
(6213, 1537, 3, '62.2306400', '7.4159800'),
(6214, 1055, 3, '62.2447000', '7.2458100'),
(6215, 253, 5, '62.2623600', '7.1719400'),
(6216, 422, 5, '62.1008860', '7.2059820'),
(6218, 551, 5, '62.0844800', '6.8695200'),
(6220, 1452, 3, '62.3336920', '6.5942220'),
(6222, 665, 5, '62.3862600', '6.5547600'),
(6224, 628, 3, '62.3712700', '6.4252400'),
(6230, 1498, 3, '62.3920000', '6.5830420'),
(6238, 1452, 4, '62.3330800', '6.5947200'),
(6239, 1498, 4, '62.3921000', '6.5802080'),
(6240, 1830, 3, '62.4831460', '6.8157750'),
(6249, 1830, 4, '62.4824000', '6.8133200'),
(6250, 1432, 3, '62.3833300', '6.9923000'),
(6259, 1432, 4, '62.3820600', '6.9925600'),
(6260, 1327, 3, '62.5061600', '6.6833800'),
(6263, 1327, 4, '62.5051200', '6.6836100'),
(6264, 1549, 3, '62.5392800', '6.5868200'),
(6265, 1690, 3, '62.5582760', '6.6170100'),
(6270, 144, 3, '62.5945700', '6.4460400'),
(6272, 581, 3, '62.6012500', '6.3434900'),
(6280, 1536, 3, '62.5494500', '6.2804700'),
(6281, 1536, 4, '62.5469400', '6.2807100'),
(6282, 144, 4, '62.5972100', '6.4463600'),
(6283, 1690, 4, '62.5604900', '6.6166300'),
(6285, 1434, 3, '62.5283300', '6.2024300'),
(6290, 509, 5, '62.6375300', '6.2720400'),
(6292, 725, 3, '62.6138500', '6.2035100'),
(6293, 890, 3, '62.6726500', '6.2694500'),
(6294, 344, 3, '62.7058440', '6.3770480'),
(6300, 1801, 3, '62.5640110', '7.6860740'),
(6301, 1801, 4, '62.5674020', '7.6885630'),
(6310, 1693, 3, '62.5529800', '7.6697700'),
(6315, 675, 3, '62.4995190', '7.5678760'),
(6320, 680, 3, '62.5776720', '7.7898650'),
(6330, 1706, 5, '62.3433200', '8.0588800'),
(6339, 680, 4, '62.5781200', '7.7912200'),
(6350, 252, 3, '62.5865500', '7.4979100'),
(6360, 1782, 5, '62.6613060', '7.5016240'),
(6363, 964, 3, '62.7004500', '7.6996900'),
(6364, 1746, 5, '62.7103600', '7.9310500'),
(6386, 1003, 5, '62.5331900', '7.4436000'),
(6387, 1763, 5, '62.6058800', '7.3212500'),
(6390, 1713, 3, '62.6234700', '7.0896280'),
(6391, 1594, 3, '62.5230900', '7.1253700'),
(6392, 1729, 3, '62.6148750', '7.1465670'),
(6393, 1575, 3, '62.5838100', '6.9240600'),
(6394, 322, 5, '62.6181200', '6.8509800'),
(6395, 1151, 3, '62.6498900', '6.7583000'),
(6396, 1729, 4, '62.6143600', '7.1469200'),
(6397, 1594, 4, '62.5212700', '7.1264100'),
(6398, 1575, 4, '62.5867900', '6.9283300'),
(6399, 1713, 4, '62.6223500', '7.0935900'),
(6401, 977, 4, '62.7364200', '7.1575300'),
(6402, 977, 4, '62.7391100', '7.1766400'),
(6403, 977, 4, '62.7462900', '7.2269900'),
(6404, 977, 1, '62.7345800', '7.1508400'),
(6405, 977, 6, '62.7375000', '7.1591000'),
(6407, 977, 1, '62.7369000', '7.1386900'),
(6408, 40, 3, '62.8067830', '7.0885120'),
(6409, 977, 3, '62.7773200', '6.9854200'),
(6410, 977, 4, '62.7697320', '7.2810430'),
(6411, 977, 3, '62.7363110', '7.0898440'),
(6412, 977, 3, '62.7375200', '7.1378600'),
(6413, 977, 3, '62.7392500', '7.1590600'),
(6414, 977, 3, '62.7436300', '7.1532600'),
(6415, 977, 3, '62.7409400', '7.1794000'),
(6416, 977, 3, '62.7439100', '7.2039000'),
(6418, 1266, 3, '62.6599900', '7.3186000'),
(6419, 977, 3, '62.7448300', '7.2266400'),
(6421, 977, 3, '62.7521200', '7.2914300'),
(6422, 977, 3, '62.7486350', '7.2513500'),
(6425, 977, 3, '62.7525729', '7.2335550'),
(6429, 977, 3, '62.7502260', '7.1881640'),
(6430, 173, 3, '62.9072600', '6.9140180'),
(6431, 173, 4, '62.9063100', '6.9168800'),
(6433, 637, 3, '62.9545600', '7.0958440'),
(6440, 275, 3, '62.8536900', '7.1626570'),
(6443, 1581, 3, '62.8416720', '7.0295590'),
(6444, 309, 5, '62.9737000', '7.1626700'),
(6445, 927, 3, '62.8146600', '7.2458000'),
(6447, 275, 4, '62.8538200', '7.1611100'),
(6450, 589, 3, '62.7807460', '7.4938340'),
(6453, 734, 5, '62.7944540', '7.6322580'),
(6454, 589, 4, '62.7884600', '7.5357700'),
(6455, 778, 3, '62.7767220', '7.6286810'),
(6456, 1350, 5, '62.7181500', '7.4259100'),
(6457, 124, 3, '62.7288100', '7.3187400'),
(6460, 259, 3, '62.7755050', '8.0557810'),
(6461, 259, 4, '62.7734300', '8.0424400'),
(6462, 1141, 3, '62.8287400', '8.1205530'),
(6470, 290, 5, '62.6698500', '8.1309100'),
(6472, 267, 5, '62.4754920', '8.1735840'),
(6475, 959, 3, '62.6760100', '6.6724700'),
(6476, 959, 4, '62.6760100', '6.6724600'),
(6480, 36, 3, '62.7911000', '6.9182000'),
(6481, 36, 4, '62.8131000', '6.8829400'),
(6483, 1100, 5, '62.8616900', '6.5441100'),
(6484, 1253, 5, '62.8201160', '6.5873590'),
(6486, 1111, 5, '62.7864300', '6.6683600'),
(6487, 516, 5, '62.7878300', '6.4773600'),
(6488, 995, 3, '62.7275810', '6.4538300'),
(6490, 249, 3, '62.9157410', '7.4460270'),
(6493, 909, 3, '62.9612000', '7.3670000'),
(6494, 1721, 3, '62.9999130', '7.2860210'),
(6499, 249, 4, '62.9190500', '7.4478200'),
(6501, 783, 4, '63.1109400', '7.7292800'),
(6502, 783, 4, '63.1104700', '7.7799700'),
(6503, 783, 4, '63.1104700', '7.7799700'),
(6504, 783, 2, '63.1104000', '7.7279000'),
(6506, 783, 4, '63.1109400', '7.7292800'),
(6507, 783, 3, '63.1044500', '7.7337800'),
(6508, 783, 3, '63.1117700', '7.7246010'),
(6509, 783, 3, '63.1125400', '7.7301100'),
(6510, 783, 3, '63.1179900', '7.7242200'),
(6511, 783, 3, '63.1218600', '7.7364000'),
(6512, 783, 3, '63.1185400', '7.7495800'),
(6514, 783, 3, '63.1212300', '7.7139500'),
(6515, 783, 3, '63.1257400', '7.7103200'),
(6516, 783, 3, '63.1099900', '7.7551500'),
(6517, 783, 3, '63.1102900', '7.7923400'),
(6518, 783, 3, '63.1204100', '7.7894600'),
(6520, 389, 3, '63.0941500', '7.8130400'),
(6521, 389, 3, '63.0937700', '7.8161200'),
(6522, 389, 5, '63.0845100', '7.8850700'),
(6523, 389, 5, '63.0978900', '7.8212600'),
(6524, 389, 3, '63.0264800', '7.7948600'),
(6525, 389, 3, '63.0666600', '7.8813600'),
(6529, 389, 4, '63.0981000', '7.8209100'),
(6530, 51, 5, '63.0521600', '7.6319900'),
(6538, 51, 4, '63.0521600', '7.6319900'),
(6539, 51, 4, '63.0132500', '7.4435900'),
(6570, 1363, 3, '63.4616100', '7.9994600'),
(6571, 1363, 4, '63.4596500', '8.0160600'),
(6590, 1614, 5, '63.2011700', '8.0215200'),
(6600, 1476, 3, '62.6723510', '8.5672220'),
(6601, 1476, 4, '62.6727200', '8.5672400'),
(6610, 1822, 3, '62.7164000', '8.4318000'),
(6611, 399, 3, '62.6620840', '8.6300440'),
(6612, 474, 3, '62.6501090', '8.7173940'),
(6613, 442, 5, '62.5486900', '9.1132700'),
(6620, 1795, 5, '62.7595390', '8.5395590'),
(6622, 1796, 5, '62.8507600', '8.5211800'),
(6628, 947, 5, '62.8519600', '8.2897400'),
(6629, 1580, 3, '62.9747000', '8.2424000'),
(6630, 1555, 5, '62.9140000', '8.2046000'),
(6631, 71, 5, '62.8928000', '7.6807500'),
(6633, 429, 3, '62.8927000', '7.6818000'),
(6636, 19, 3, '62.8901530', '8.0801870'),
(6637, 358, 3, '62.9346690', '8.0790280'),
(6638, 1117, 3, '62.8637800', '7.8772500'),
(6639, 1586, 5, '62.9467300', '7.8454700'),
(6640, 801, 3, '62.8899100', '8.5262500'),
(6642, 1407, 3, '62.9196000', '8.4681000'),
(6643, 199, 3, '63.0197000', '8.3655000'),
(6644, 195, 5, '63.0250000', '8.5922900'),
(6645, 1569, 5, '62.8200900', '8.7068100'),
(6650, 1479, 3, '62.9759900', '8.7280500'),
(6652, 1478, 3, '62.9703000', '8.6616000'),
(6653, 1840, 3, '63.0129500', '9.0598700'),
(6655, 1738, 3, '62.5934070', '8.5634250'),
(6656, 1479, 4, '62.9741100', '8.7274000'),
(6657, 1162, 3, '63.0565000', '9.2124000'),
(6658, 1163, 3, '63.0993500', '9.3233500'),
(6659, 1162, 4, '63.0546200', '9.2126800'),
(6670, 1844, 5, '63.0112700', '7.9747200'),
(6674, 810, 3, '63.0688020', '8.0694580'),
(6680, 497, 3, '63.0678300', '8.2324300'),
(6683, 1761, 3, '63.1191590', '8.3103420'),
(6686, 1670, 3, '63.0942000', '8.6167000'),
(6687, 1671, 3, '63.1379000', '8.4909000'),
(6688, 1761, 4, '63.1196700', '8.3174300'),
(6689, 39, 4, '63.2679100', '8.5311700'),
(6690, 39, 3, '63.2676000', '8.5327000'),
(6693, 965, 3, '63.2244500', '8.5084500'),
(6694, 370, 3, '63.2582000', '8.3878000'),
(6697, 1726, 3, '63.3461000', '8.6879000'),
(6698, 866, 3, '63.3310000', '8.4705000'),
(6699, 731, 3, '63.4123000', '8.7427000'),
(6700, 1002, 3, '61.9359830', '5.1144360'),
(6701, 1002, 4, '61.9403100', '5.1225500'),
(6702, 1002, 4, '61.9409900', '5.1127600'),
(6703, 1002, 4, '61.9409900', '5.1127600'),
(6704, 221, 4, '61.9232600', '5.1502000'),
(6706, 1002, 2, '61.9409900', '5.1127600'),
(6707, 1140, 4, '61.9818900', '5.1358300'),
(6708, 167, 4, '61.9377600', '5.4287400'),
(6710, 1140, 3, '61.9851260', '5.1369650'),
(6711, 167, 3, '61.9402900', '5.4403300'),
(6713, 10, 3, '61.9143920', '5.2341270'),
(6714, 1282, 3, '62.0123800', '5.1978400'),
(6715, 68, 3, '61.9990910', '5.2878560'),
(6716, 635, 3, '61.9164600', '5.0405300'),
(6717, 351, 3, '61.9742500', '5.2283800'),
(6718, 221, 3, '61.9273300', '5.1410100'),
(6719, 1303, 3, '61.8737500', '5.2238800'),
(6721, 1489, 4, '61.7689600', '5.2901100'),
(6723, 1489, 3, '61.7693070', '5.2939340'),
(6726, 154, 4, '61.8396200', '4.9863200'),
(6727, 154, 3, '61.8369200', '4.9891300'),
(6728, 705, 4, '61.7668100', '4.8794500'),
(6729, 705, 3, '61.7673600', '4.8735500'),
(6730, 219, 3, '61.8879200', '5.5522100'),
(6731, 219, 4, '61.8891300', '5.5510600'),
(6734, 1190, 3, '61.8698300', '5.3119240'),
(6737, 1792, 3, '61.8379500', '5.6723200'),
(6740, 1270, 3, '62.0410110', '5.3472350'),
(6741, 1270, 4, '62.0440800', '5.3433100'),
(6750, 1399, 3, '62.1244700', '5.2949100'),
(6751, 1399, 4, '62.1183300', '5.3168600'),
(6761, 614, 4, '61.9684300', '6.5242900'),
(6763, 614, 3, '61.9701400', '6.5276600'),
(6770, 1057, 3, '61.9120890', '5.9855750'),
(6771, 1057, 4, '61.9087000', '5.9909500'),
(6772, 1057, 4, '61.9087000', '5.9909500'),
(6776, 728, 3, '61.9154630', '5.6413790'),
(6777, 1463, 3, '61.9192500', '5.7600500'),
(6778, 895, 3, '61.8681910', '6.0753940'),
(6779, 602, 3, '61.9314000', '6.3934000'),
(6781, 1458, 4, '61.9047000', '6.7208200'),
(6782, 1458, 4, '61.9047000', '6.7208200'),
(6783, 1458, 3, '61.9046120', '6.7213950'),
(6784, 1093, 4, '61.8371900', '6.8094800'),
(6788, 1093, 3, '61.8351100', '6.8087300'),
(6789, 884, 5, '61.8718700', '6.8481500'),
(6791, 1092, 3, '61.7011860', '6.8092860'),
(6792, 160, 3, '61.6646250', '6.8221660'),
(6793, 677, 5, '61.8518000', '6.6144300'),
(6795, 110, 3, '61.8503300', '6.4946300'),
(6796, 612, 3, '61.8675800', '6.3257400'),
(6797, 1653, 3, '61.8064130', '6.5188820'),
(6798, 585, 3, '61.9183110', '7.1690510'),
(6799, 1107, 3, '61.9080680', '7.0586730'),
(6800, 406, 5, '61.4514900', '5.8564100'),
(6801, 406, 4, '61.4514900', '5.8564100'),
(6802, 406, 4, '61.4514900', '5.8564100'),
(6803, 406, 4, '61.4514900', '5.8564100'),
(6804, 406, 4, '61.4514900', '5.8564100'),
(6805, 406, 4, '61.4514900', '5.8564100'),
(6806, 1015, 4, '61.5077500', '5.7179300'),
(6807, 406, 6, '61.4514900', '5.8564100'),
(6816, 1015, 4, '61.4902700', '5.3990700'),
(6817, 1015, 3, '61.5155300', '5.7273700'),
(6818, 529, 3, '61.4159700', '6.3535500'),
(6819, 603, 3, '61.4212000', '6.1164500'),
(6821, 1233, 4, '61.7785600', '6.2135700'),
(6822, 1233, 4, '61.7785600', '6.2135700'),
(6823, 1233, 3, '61.7806730', '6.2201930'),
(6826, 187, 5, '61.7332400', '6.5059600'),
(6827, 145, 3, '61.7367900', '6.4085900'),
(6828, 577, 3, '61.8399900', '6.0049300'),
(6829, 646, 5, '61.7396400', '5.9172100'),
(6841, 1309, 4, '61.5702400', '6.4822300'),
(6843, 1309, 3, '61.5720110', '6.4850230'),
(6847, 1688, 5, '61.4909000', '6.1080100'),
(6848, 343, 5, '61.4059100', '6.7415900'),
(6851, 1373, 4, '61.2322500', '7.1049400'),
(6852, 1373, 4, '61.2322500', '7.1049400'),
(6853, 1373, 4, '61.2322500', '7.1049400'),
(6854, 714, 5, '61.1956700', '7.2186700'),
(6855, 396, 3, '61.1027300', '7.0889600'),
(6856, 1373, 3, '61.2316200', '7.0947300'),
(6858, 308, 3, '61.1915190', '7.0227720'),
(6859, 1360, 3, '61.1599660', '6.9355400'),
(6861, 846, 4, '61.1827000', '6.8516600'),
(6863, 846, 3, '61.1877900', '6.8257000'),
(6866, 419, 4, '61.4031800', '7.2951600'),
(6868, 419, 3, '61.4026560', '7.2963380'),
(6869, 488, 5, '61.3153800', '7.2025200'),
(6870, 1109, 3, '61.2959500', '7.3228700'),
(6871, 695, 3, '61.5950480', '7.2808460'),
(6872, 905, 5, '61.4414500', '7.4567400'),
(6873, 932, 3, '61.2254000', '7.1826000'),
(6875, 661, 3, '61.4005810', '7.3960300'),
(6876, 1323, 3, '61.4907160', '7.6023670'),
(6877, 381, 3, '61.4947920', '7.6890560'),
(6878, 1700, 3, '61.4731980', '7.0441220'),
(6879, 1382, 3, '61.3010900', '7.2389200'),
(6881, 1807, 4, '61.2357200', '7.7032300'),
(6882, 1842, 4, '61.3106200', '7.8089200'),
(6884, 1842, 3, '61.3102270', '7.7992630'),
(6885, 1807, 3, '62.2361570', '7.7011880'),
(6886, 915, 4, '61.0977000', '7.4821300'),
(6887, 915, 3, '61.0983520', '7.4811740'),
(6888, 127, 3, '61.0586180', '7.8171160'),
(6891, 1727, 4, '61.0890800', '6.5908800'),
(6893, 1727, 3, '61.0847100', '6.5780900'),
(6894, 1675, 3, '61.1733770', '6.6398620'),
(6895, 314, 3, '61.1485680', '6.7511200'),
(6896, 391, 3, '61.0677000', '6.9327900'),
(6898, 56, 4, '61.2100100', '6.5373100'),
(6899, 56, 3, '61.2103120', '6.5362640'),
(6900, 363, 3, '61.5999880', '5.0328110'),
(6901, 363, 4, '61.6005900', '5.0439700'),
(6902, 363, 4, '61.6005900', '5.0439700'),
(6903, 363, 4, '61.6005900', '5.0439700'),
(6909, 363, 4, '61.5983000', '5.0621500'),
(6912, 717, 3, '61.5625200', '4.7694700'),
(6914, 1481, 3, '61.4944600', '5.1116700'),
(6915, 1172, 3, '61.5640100', '4.7922600'),
(6916, 64, 3, '61.6684000', '4.8888000'),
(6917, 70, 3, '61.6380270', '4.8127630'),
(6918, 1517, 3, '61.5871000', '4.8125000'),
(6919, 1544, 3, '61.4938000', '4.9659000'),
(6921, 511, 4, '61.0718640', '4.8403540'),
(6924, 511, 3, '61.0721140', '4.8405690'),
(6926, 781, 3, '61.1636500', '4.9626700'),
(6927, 1776, 3, '61.0794600', '4.6899100'),
(6928, 754, 3, '61.0073220', '4.6700190'),
(6929, 571, 3, '61.1729000', '4.8963400'),
(6939, 1410, 4, '61.5422100', '5.1975800'),
(6940, 264, 3, '61.5852300', '5.4600500'),
(6941, 264, 4, '61.5885900', '5.4611700'),
(6942, 1497, 3, '61.5039000', '5.2432000'),
(6944, 1410, 3, '61.5345610', '5.1823710'),
(6946, 844, 4, '61.1048600', '5.5082100'),
(6947, 844, 3, '61.1050000', '5.5124100'),
(6951, 854, 4, '61.1371900', '5.3481300'),
(6953, 854, 3, '61.1295700', '5.3548300'),
(6957, 649, 3, '61.1675830', '5.3014180'),
(6958, 1522, 5, '61.2259840', '5.1744750'),
(6961, 211, 4, '61.3639700', '5.4000000'),
(6963, 211, 3, '61.3616500', '5.3969500'),
(6964, 776, 3, '61.2535610', '4.9925140'),
(6966, 476, 3, '61.2463000', '5.5300000'),
(6967, 553, 3, '61.3025820', '5.1757620'),
(6968, 355, 5, '61.3157900', '5.3632900'),
(6969, 1456, 3, '61.3366000', '5.2079300'),
(6971, 1234, 4, '61.3261400', '5.7977700'),
(6973, 1234, 3, '61.3274600', '5.7998800'),
(6975, 1314, 3, '61.3814000', '5.8180000'),
(6977, 183, 5, '61.3758900', '5.6534300'),
(6978, 1737, 3, '61.3501900', '6.1186600'),
(6980, 31, 3, '61.3495000', '5.0769100'),
(6981, 598, 4, '61.3533800', '5.1783900'),
(6982, 598, 3, '61.3564200', '5.1788700'),
(6983, 799, 5, '61.4588500', '5.4161100'),
(6984, 1429, 3, '61.4272400', '5.1695300'),
(6985, 32, 5, '61.3276000', '5.0299000'),
(6986, 1768, 3, '61.3040000', '4.7398000'),
(6987, 177, 3, '61.2858030', '4.6324810'),
(6988, 31, 4, '61.3468200', '5.0617100'),
(6991, 659, 4, '61.2185000', '6.0748200'),
(6993, 659, 3, '61.2211900', '6.0814900'),
(6995, 817, 3, '61.1652700', '5.9435900'),
(6996, 1656, 5, '61.2087000', '5.8239400'),
(7003, 1603, 1, '63.3496850', '10.3586480'),
(7004, 1603, 2, '63.4305100', '10.3950100'),
(7005, 1603, 2, '63.4277310', '10.4322480'),
(7006, 1603, 1, '63.4207000', '10.3883000'),
(7007, 1603, 1, '63.3979000', '10.3986000'),
(7010, 1603, 3, '63.4347370', '10.4002010'),
(7011, 1603, 3, '63.4322400', '10.3967900'),
(7012, 1603, 3, '63.4299700', '10.3872800'),
(7013, 1603, 3, '63.4267800', '10.4020200'),
(7014, 1603, 5, '63.4319900', '10.3990400'),
(7015, 1603, 3, '63.4277500', '10.4192700'),
(7016, 1603, 3, '63.4235600', '10.4081200'),
(7018, 1603, 5, '63.4290370', '10.3681650'),
(7019, 1603, 3, '63.4096300', '10.3816600'),
(7020, 1603, 3, '63.4201400', '10.3566800'),
(7021, 1603, 3, '63.4106000', '10.3647700'),
(7022, 1603, 3, '63.4018900', '10.3615300'),
(7023, 1603, 3, '63.3935780', '10.3706550'),
(7024, 1603, 3, '63.3961200', '10.3338200'),
(7025, 1603, 5, '63.4041090', '10.3357210'),
(7026, 1603, 3, '63.3854800', '10.3303000'),
(7027, 1603, 3, '63.3902700', '10.3632700'),
(7028, 1603, 3, '63.3878800', '10.3729400'),
(7029, 1603, 3, '63.3772940', '10.3629840'),
(7030, 1603, 3, '63.4196480', '10.3952960'),
(7031, 1603, 5, '63.4074900', '10.3976560'),
(7032, 1603, 3, '63.4064000', '10.4158200'),
(7033, 1603, 3, '63.4022200', '10.4306500'),
(7034, 1603, 3, '63.4167400', '10.4054600'),
(7036, 1603, 5, '63.3965960', '10.4222490'),
(7037, 1603, 5, '63.4009300', '10.4034800'),
(7038, 1603, 3, '63.3867900', '10.4002100'),
(7039, 1603, 5, '63.3479710', '10.4794120'),
(7040, 1603, 3, '63.4500200', '10.4465800'),
(7041, 1603, 3, '63.4444000', '10.4457900'),
(7042, 1603, 3, '63.4380800', '10.4268700'),
(7043, 1603, 3, '63.4339600', '10.4254400'),
(7044, 1603, 3, '63.4360810', '10.4559800'),
(7045, 1603, 5, '63.4364700', '10.4551800'),
(7046, 1603, 3, '63.4205510', '10.4466250'),
(7047, 1603, 3, '63.4193220', '10.4748630'),
(7048, 1603, 3, '63.4120100', '10.4596900'),
(7049, 1603, 3, '63.4024100', '10.4550700'),
(7050, 1603, 3, '63.4109670', '10.4291150'),
(7051, 1603, 5, '63.4101400', '10.4400200'),
(7052, 1603, 5, '63.4240100', '10.4409600'),
(7053, 1138, 3, '63.4321900', '10.5095100'),
(7054, 1138, 3, '63.4215100', '10.5451200'),
(7056, 1138, 3, '63.4236300', '10.5179400'),
(7057, 693, 3, '63.3816020', '10.5571930'),
(7058, 682, 3, '63.4238800', '10.4926500'),
(7059, 682, 3, '63.4185700', '10.4965300'),
(7070, 132, 5, '63.4225900', '10.1492500'),
(7072, 541, 3, '63.3517200', '10.3650400'),
(7074, 1394, 5, '63.3579500', '10.1638200'),
(7075, 1553, 3, '63.3639000', '10.3858000'),
(7078, 1260, 3, '63.3644900', '10.3553100'),
(7079, 353, 3, '63.3770000', '10.3374900'),
(7080, 541, 3, '63.3477400', '10.3537990'),
(7081, 1291, 5, '63.3693320', '10.3965000'),
(7082, 713, 5, '63.3459900', '10.3350600'),
(7083, 849, 5, '63.3251700', '10.3071100'),
(7088, 541, 3, '63.3561200', '10.3479700'),
(7089, 541, 3, '63.3538700', '10.3104700'),
(7091, 1553, 5, '63.3618500', '10.3898100'),
(7092, 1553, 3, '63.3515800', '10.3849500'),
(7097, 1260, 3, '63.3665600', '10.3403900'),
(7098, 1260, 3, '63.3689200', '10.3568000'),
(7099, 353, 3, '63.3760600', '10.3504900'),
(7100, 1166, 3, '63.5841720', '9.9592300'),
(7101, 1166, 4, '63.5829000', '9.9552600'),
(7105, 1400, 3, '63.5108350', '10.0145380'),
(7110, 319, 5, '63.6855600', '9.8571400'),
(7112, 519, 5, '63.6347400', '9.8339800'),
(7113, 634, 5, '63.7527000', '10.1351600'),
(7114, 1204, 5, '63.7619550', '10.0679610'),
(7119, 1400, 4, '63.5114300', '10.0121400'),
(7120, 858, 3, '63.6719400', '10.6255900'),
(7121, 858, 4, '63.6740500', '10.6284700'),
(7125, 1681, 3, '63.5548900', '10.2166500'),
(7126, 1681, 4, '63.5535200', '10.2222000'),
(7127, 1105, 4, '63.7278900', '9.6890000'),
(7128, 1649, 4, '63.7261000', '9.5989400'),
(7129, 153, 4, '63.6873100', '9.6657900'),
(7130, 153, 3, '63.6888000', '9.6600500'),
(7140, 1105, 3, '63.7272040', '9.6899410'),
(7142, 1649, 3, '63.7257400', '9.5987000'),
(7150, 1439, 5, '63.6591800', '9.4103200'),
(7152, 790, 3, '63.6394570', '9.3361040'),
(7153, 417, 3, '63.6426000', '9.5214800'),
(7156, 857, 3, '63.5827110', '9.3447160'),
(7159, 102, 4, '63.7653800', '9.8083500'),
(7160, 102, 3, '63.7651140', '9.8098040'),
(7165, 1091, 3, '63.8150010', '9.6791120'),
(7166, 1545, 3, '63.8093500', '9.4231100'),
(7167, 1667, 3, '63.8516590', '9.7484780'),
(7168, 914, 5, '63.8848700', '9.8698400'),
(7169, 1783, 4, '63.9647500', '10.2111100'),
(7170, 1783, 5, '63.9647500', '10.2111100'),
(7176, 879, 3, '64.0202600', '9.9124400'),
(7177, 1159, 5, '64.0382600', '10.0563900'),
(7178, 1425, 5, '64.0474500', '10.0183700'),
(7180, 1171, 5, '64.1817800', '10.2170900'),
(7190, 85, 5, '64.2475400', '10.3196600'),
(7194, 138, 5, '64.1878650', '10.4209580'),
(7200, 818, 3, '63.2936500', '9.0778200'),
(7201, 818, 4, '63.2899300', '9.0866200'),
(7203, 1743, 3, '63.2076100', '8.9909900'),
(7206, 547, 3, '63.4039940', '8.9808910'),
(7211, 777, 4, '63.1606300', '10.0994500'),
(7212, 777, 3, '63.1659100', '10.1031000'),
(7213, 485, 3, '63.1162200', '9.9662100'),
(7221, 953, 4, '63.2855300', '10.2760900'),
(7223, 953, 4, '63.2855300', '10.2760900'),
(7224, 953, 3, '63.2863300', '10.2796000'),
(7227, 425, 3, '63.2748400', '10.2442300'),
(7228, 814, 3, '63.2314100', '10.2800170'),
(7231, 898, 4, '63.1522800', '10.2822400'),
(7232, 898, 3, '63.1516900', '10.2858500'),
(7234, 862, 3, '63.1977800', '10.3088500'),
(7235, 862, 4, '63.1977500', '10.3014700'),
(7236, 623, 3, '63.0880190', '10.2408730'),
(7238, 623, 4, '63.1078900', '10.2253000');
INSERT INTO `postal_zip_codes` (`zip`, `place_id`, `comment_id`, `lat`, `lon`) VALUES
(7239, 583, 4, '63.6010000', '8.9775700'),
(7240, 583, 3, '63.6020300', '8.9679100'),
(7241, 21, 3, '63.6378600', '8.9933700'),
(7242, 746, 5, '63.6637800', '9.0779690'),
(7243, 803, 5, '63.5314300', '8.3899000'),
(7246, 1246, 3, '63.5368510', '9.1353030'),
(7247, 578, 3, '63.5650640', '9.1962430'),
(7250, 949, 3, '63.6287460', '8.7299250'),
(7252, 228, 3, '63.6484100', '8.7785500'),
(7255, 1474, 3, '63.5015400', '9.2724400'),
(7256, 558, 3, '63.4958500', '9.1338100'),
(7257, 1369, 3, '63.4002090', '9.4969800'),
(7259, 1369, 4, '63.4002600', '9.5015600'),
(7260, 1289, 3, '63.7284500', '8.8334100'),
(7261, 1289, 4, '63.7291200', '8.8282400'),
(7263, 501, 3, '63.6969000', '8.8070000'),
(7264, 501, 4, '63.6984800', '8.8058100'),
(7266, 805, 3, '63.7054830', '8.5336160'),
(7268, 1559, 3, '63.6694300', '8.3119200'),
(7270, 241, 3, '63.7681100', '8.8160000'),
(7273, 1056, 5, '63.7977900', '8.6823600'),
(7280, 1467, 5, '63.8461100', '8.4586500'),
(7282, 120, 3, '63.8708400', '8.5538500'),
(7284, 944, 5, '63.8680400', '8.6641500'),
(7285, 440, 3, '63.9271600', '8.8990100'),
(7286, 1521, 3, '63.9915500', '9.1117600'),
(7287, 1262, 3, '63.9979630', '9.1747860'),
(7288, 1375, 3, '62.9481800', '10.1877500'),
(7289, 1375, 4, '62.9463700', '10.1884500'),
(7290, 1465, 3, '63.0371000', '10.2840700'),
(7291, 1465, 4, '63.0479800', '10.2832400'),
(7295, 1175, 3, '63.0097900', '10.4591100'),
(7298, 174, 3, '62.8823400', '10.4831100'),
(7300, 1108, 3, '63.3085700', '9.8542200'),
(7301, 1108, 4, '63.2976400', '9.8444600'),
(7302, 1108, 4, '63.2976400', '9.8444600'),
(7310, 441, 3, '63.3167500', '9.8085000'),
(7315, 860, 4, '63.4956400', '9.8418700'),
(7316, 860, 3, '63.5058150', '9.8521610'),
(7318, 2, 3, '63.6130150', '9.8717310'),
(7319, 2, 4, '63.6150800', '9.6532800'),
(7320, 307, 3, '63.2685900', '9.8229300'),
(7321, 307, 4, '63.2694600', '9.8212400'),
(7327, 1496, 3, '63.1672500', '9.7537400'),
(7329, 1496, 4, '63.1696000', '9.7425000'),
(7331, 919, 4, '63.1266200', '9.7052400'),
(7332, 919, 3, '63.1062000', '9.6968700'),
(7333, 1446, 4, '63.0962000', '9.5995200'),
(7334, 1446, 3, '63.0960000', '9.5971000'),
(7335, 688, 3, '62.9796000', '9.7468000'),
(7336, 951, 3, '63.0472000', '9.7134000'),
(7338, 951, 4, '63.0462700', '9.7129900'),
(7340, 1103, 3, '62.5935780', '9.6861650'),
(7341, 1103, 4, '62.5944700', '9.6896300'),
(7342, 920, 3, '62.5857800', '9.3390900'),
(7343, 1748, 3, '62.6165230', '9.5723100'),
(7345, 236, 3, '62.5336300', '9.6156300'),
(7350, 179, 3, '63.3210470', '10.1662590'),
(7351, 179, 4, '63.3128400', '10.1855000'),
(7353, 204, 3, '63.3260200', '10.0695000'),
(7354, 1723, 3, '63.3452000', '9.9909000'),
(7355, 248, 3, '63.2817000', '10.0499000'),
(7357, 1306, 5, '63.2503700', '10.0568500'),
(7358, 204, 4, '63.3235000', '10.0653100'),
(7361, 1214, 4, '62.5733530', '11.3806770'),
(7366, 1214, 6, '62.5747000', '11.3842000'),
(7370, 150, 3, '62.6477000', '11.8663300'),
(7372, 446, 3, '62.6739300', '11.4269100'),
(7374, 1214, 3, '62.5744100', '11.3790960'),
(7380, 1790, 3, '62.8421420', '11.2972070'),
(7383, 499, 3, '62.9225790', '11.1650710'),
(7384, 1790, 4, '62.8418600', '11.3022800'),
(7386, 1285, 4, '62.9425300', '10.6513100'),
(7387, 1285, 5, '62.9425300', '10.6513100'),
(7391, 1155, 3, '62.8287600', '10.0104300'),
(7392, 1155, 3, '62.8488790', '9.8576120'),
(7393, 1155, 3, '62.8765000', '9.8448700'),
(7397, 1155, 3, '62.7478880', '9.9837400'),
(7398, 1155, 3, '62.7194590', '10.0292300'),
(7399, 1155, 4, '62.8761000', '9.8337000'),
(7400, 1603, 4, '63.4319900', '10.3990400'),
(7401, 1603, 4, '63.4319900', '10.3990400'),
(7402, 1603, 4, '63.4319900', '10.3990400'),
(7403, 1603, 4, '63.4319900', '10.3990400'),
(7404, 1603, 4, '63.4319900', '10.3990400'),
(7405, 1603, 4, '63.4319900', '10.3990400'),
(7406, 1603, 4, '63.4319900', '10.3990400'),
(7407, 1603, 4, '63.4319900', '10.3990400'),
(7408, 1603, 4, '63.4319900', '10.3990400'),
(7409, 1603, 4, '63.4319900', '10.3990400'),
(7410, 1603, 4, '63.4319900', '10.3990400'),
(7411, 1603, 4, '63.4319900', '10.3990400'),
(7412, 1603, 4, '63.4319900', '10.3990400'),
(7413, 1603, 4, '63.4319900', '10.3990400'),
(7414, 1603, 4, '63.4319900', '10.3990400'),
(7415, 1603, 4, '63.4319900', '10.3990400'),
(7416, 1603, 4, '63.4319900', '10.3990400'),
(7417, 1603, 4, '63.4310400', '10.3897500'),
(7418, 1603, 4, '63.4310400', '10.3897500'),
(7419, 1603, 4, '63.4310400', '10.3897500'),
(7420, 1603, 4, '63.4138100', '10.3517500'),
(7424, 1603, 4, '63.3872400', '10.3301800'),
(7425, 1603, 4, '63.4074800', '10.3579000'),
(7426, 1603, 4, '63.4271900', '10.3493000'),
(7427, 1603, 4, '63.3935200', '10.3716600'),
(7429, 1603, 4, '63.3782800', '10.3644400'),
(7430, 1603, 4, '63.4029500', '10.4274900'),
(7431, 1603, 4, '63.3915200', '10.4302100'),
(7432, 1603, 4, '63.4196800', '10.3948900'),
(7433, 1603, 4, '63.4196800', '10.3948900'),
(7434, 1603, 4, '63.3961000', '10.3942000'),
(7435, 1603, 4, '63.3961000', '10.3942000'),
(7436, 1603, 4, '63.3961000', '10.3942000'),
(7437, 1603, 4, '63.3961000', '10.3942000'),
(7438, 1603, 4, '63.3961000', '10.3942000'),
(7439, 1603, 4, '63.3961000', '10.3942000'),
(7440, 1603, 4, '63.4474200', '10.4448500'),
(7441, 1603, 4, '63.4474200', '10.4448500'),
(7442, 1603, 4, '63.4474200', '10.4448500'),
(7443, 1603, 4, '63.4364700', '10.4551800'),
(7444, 1603, 4, '63.4364700', '10.4551800'),
(7445, 1603, 4, '63.4364700', '10.4551800'),
(7446, 1603, 4, '63.4364900', '10.4240400'),
(7447, 1603, 4, '63.4364900', '10.4240400'),
(7448, 1603, 4, '63.4101400', '10.4400200'),
(7449, 1603, 4, '63.4101400', '10.4400200'),
(7450, 1603, 4, '63.4240100', '10.4409600'),
(7451, 1603, 4, '63.4240100', '10.4409600'),
(7452, 1603, 4, '63.4282900', '10.5194800'),
(7453, 1603, 4, '63.4282900', '10.5194800'),
(7456, 1603, 4, '63.4124700', '10.5375000'),
(7457, 1603, 4, '63.4167300', '10.4608000'),
(7458, 1603, 4, '63.4215500', '10.4942400'),
(7459, 1603, 4, '63.4269300', '10.4941500'),
(7462, 1603, 6, '63.4402000', '10.4042000'),
(7463, 1603, 6, '63.4319000', '10.3988000'),
(7464, 1603, 1, '63.4369800', '10.4490400'),
(7465, 1603, 1, '63.4204000', '10.4162000'),
(7466, 1603, 1, '63.4321000', '10.4001000'),
(7467, 1603, 1, '63.4327000', '10.3973000'),
(7468, 1603, 1, '63.4283700', '10.3927000'),
(7469, 1603, 1, '63.4321000', '10.4001000'),
(7472, 1603, 4, '63.3508000', '10.3557200'),
(7473, 1603, 4, '63.3508000', '10.3557200'),
(7474, 1603, 4, '63.3508000', '10.3557200'),
(7475, 1603, 4, '63.3619100', '10.3789400'),
(7476, 1603, 4, '63.3619100', '10.3789400'),
(7477, 1603, 4, '63.3619100', '10.3789400'),
(7478, 1603, 4, '63.3664000', '10.3488300'),
(7479, 1603, 4, '63.3723200', '10.3429000'),
(7481, 1603, 4, '63.4347000', '10.4135000'),
(7483, 1603, 2, '63.4319000', '10.3988000'),
(7484, 1603, 2, '63.4319000', '10.3988000'),
(7485, 1603, 2, '63.4319000', '10.3988000'),
(7486, 1603, 2, '63.4319000', '10.3988000'),
(7488, 1603, 2, '63.4319000', '10.3988000'),
(7489, 1603, 2, '63.4319000', '10.3988000'),
(7491, 1603, 1, '63.4194000', '10.4022000'),
(7492, 1603, 2, '63.4319000', '10.3988000'),
(7493, 1603, 2, '63.4319000', '10.3988000'),
(7495, 1603, 2, '63.4319000', '10.3988000'),
(7496, 1603, 2, '63.4319000', '10.3988000'),
(7498, 1603, 6, '63.4319000', '10.3988000'),
(7499, 1603, 6, '63.4319000', '10.3988000'),
(7500, 1422, 3, '63.4695400', '10.9207210'),
(7501, 1422, 4, '63.4692900', '10.9231500'),
(7506, 1422, 6, '63.4665500', '10.9217900'),
(7508, 1422, 4, '63.4850300', '10.9544600'),
(7510, 1304, 5, '63.5089600', '10.8260200'),
(7517, 546, 3, '63.4459000', '10.8989000'),
(7519, 277, 3, '63.3958300', '11.0100000'),
(7520, 539, 3, '63.4596100', '11.0932300'),
(7525, 361, 3, '63.4572410', '11.3472030'),
(7529, 539, 4, '63.4631900', '11.1136300'),
(7530, 957, 3, '63.4211100', '11.7600600'),
(7531, 957, 4, '63.4155400', '11.7412900'),
(7533, 771, 3, '63.3958200', '11.8502600'),
(7540, 741, 3, '63.3001500', '10.4792100'),
(7541, 741, 4, '63.2993400', '10.4833100'),
(7549, 1542, 3, '63.3082000', '10.4356300'),
(7550, 608, 3, '63.4114280', '10.7942990'),
(7551, 608, 4, '63.4118400', '10.7993500'),
(7560, 1734, 3, '63.4371750', '10.6270990'),
(7562, 629, 3, '63.4364100', '10.5985000'),
(7563, 928, 3, '63.4370700', '10.6580500'),
(7566, 1734, 4, '63.4379700', '10.6254000'),
(7570, 546, 4, '63.4450700', '10.9111400'),
(7580, 1268, 3, '63.2259400', '11.0350800'),
(7581, 1268, 4, '63.2186790', '11.0402190'),
(7583, 1268, 4, '63.2499300', '11.0949000'),
(7584, 1269, 3, '63.2711000', '11.0075400'),
(7586, 1269, 4, '63.2486000', '10.9517000'),
(7590, 1618, 3, '62.9080000', '11.8928000'),
(7591, 1618, 4, '63.0448100', '11.6614800'),
(7596, 345, 3, '63.1101000', '11.2657000'),
(7600, 867, 3, '63.7464000', '11.2996000'),
(7601, 867, 4, '63.7476300', '11.2988300'),
(7609, 867, 6, '63.7459000', '11.2999000'),
(7610, 867, 4, '63.7478260', '11.2992560'),
(7619, 1330, 4, '63.7042400', '11.1906500'),
(7620, 1330, 3, '63.7049000', '11.1912000'),
(7622, 933, 3, '63.6377700', '11.2738300'),
(7623, 1180, 3, '63.6681900', '11.1185700'),
(7624, 272, 3, '63.7021000', '11.0389900'),
(7629, 1778, 3, '63.7996960', '11.1334850'),
(7630, 1813, 3, '63.6087400', '11.0517400'),
(7631, 1813, 4, '63.6106200', '11.0507300'),
(7632, 1814, 3, '63.5920700', '10.9140500'),
(7633, 395, 3, '63.5870600', '10.7405950'),
(7634, 395, 4, '63.5840900', '10.7357400'),
(7650, 1704, 3, '63.7933000', '11.4817000'),
(7651, 1704, 4, '63.7925300', '11.4819400'),
(7658, 1704, 4, '63.7820500', '11.4709200'),
(7659, 1704, 6, '63.7912000', '11.4842000'),
(7660, 1758, 5, '63.7761600', '11.7314600'),
(7663, 1421, 3, '63.7969000', '11.5601000'),
(7670, 667, 3, '63.8709000', '11.2999000'),
(7671, 667, 4, '63.8710500', '11.2968900'),
(7690, 990, 5, '63.8158100', '11.0023200'),
(7701, 1416, 4, '64.0098600', '11.4907400'),
(7702, 1416, 4, '64.0098600', '11.4907400'),
(7703, 1416, 4, '64.0098600', '11.4907400'),
(7704, 1416, 4, '64.0098600', '11.4907400'),
(7705, 1416, 4, '64.0098600', '11.4907400'),
(7707, 1416, 4, '64.0098600', '11.4907400'),
(7708, 1416, 4, '64.0098600', '11.4907400'),
(7709, 1416, 4, '64.0131000', '11.4977500'),
(7710, 1389, 5, '63.9189000', '11.4292000'),
(7711, 1416, 3, '63.9922000', '11.5023100'),
(7712, 1416, 3, '63.9979700', '11.4811400'),
(7713, 1416, 3, '64.0118900', '11.5062100'),
(7715, 1416, 3, '64.0265900', '11.4932700'),
(7716, 1416, 3, '64.0217300', '11.5385700'),
(7717, 1416, 3, '64.0818600', '11.6392000'),
(7718, 1416, 3, '63.9963900', '11.8751100'),
(7724, 1416, 3, '64.0379877', '11.4881908'),
(7725, 1416, 3, '64.0199900', '11.4800600'),
(7726, 1416, 4, '64.0192700', '11.4917300'),
(7728, 1416, 6, '64.0198600', '11.4801000'),
(7729, 1416, 6, '64.0149000', '11.4954000'),
(7730, 77, 3, '64.0855000', '11.3615000'),
(7732, 1416, 3, '64.1398000', '11.7398100'),
(7734, 1416, 1, '64.0075000', '11.5003000'),
(7735, 1416, 1, '64.0143000', '11.4801000'),
(7736, 1416, 1, '64.0112000', '11.4893000'),
(7737, 1416, 1, '64.0256000', '11.4992000'),
(7738, 1416, 1, '64.0149000', '11.4891000'),
(7739, 77, 4, '64.1080600', '11.3915100'),
(7740, 1417, 5, '64.2974400', '10.5104000'),
(7742, 1777, 5, '64.2962000', '10.2955000'),
(7744, 562, 3, '64.3205000', '10.3733000'),
(7745, 1106, 3, '64.2208000', '10.4920000'),
(7746, 521, 3, '64.4448000', '10.5990000'),
(7748, 1505, 5, '64.3958800', '10.4882700'),
(7750, 1007, 3, '64.2235520', '11.2223200'),
(7751, 1007, 4, '64.2437700', '11.2093000'),
(7760, 1371, 3, '64.2444460', '12.3752400'),
(7761, 1371, 4, '64.2441470', '12.3731800'),
(7770, 348, 3, '64.5007100', '10.8972900'),
(7771, 348, 4, '64.4998500', '10.8942200'),
(7777, 1048, 5, '64.4952730', '11.1459730'),
(7790, 926, 3, '64.0748260', '11.2211610'),
(7791, 926, 4, '64.0752100', '11.2220200'),
(7796, 374, 5, '63.9862800', '11.1091700'),
(7797, 1707, 3, '63.8022720', '10.5827520'),
(7800, 1009, 3, '64.4675040', '11.4917850'),
(7801, 1009, 4, '64.4678800', '11.4916400'),
(7808, 1009, 4, '64.4702000', '11.5203700'),
(7809, 1009, 6, '64.4381000', '11.3578000'),
(7817, 1227, 3, '64.6916580', '11.4435480'),
(7818, 897, 3, '64.7671010', '11.5967560'),
(7819, 385, 3, '64.5415000', '11.2666000'),
(7820, 1393, 5, '64.4575140', '11.5319110'),
(7822, 60, 5, '64.3926100', '11.3937600'),
(7856, 696, 3, '64.6591500', '11.2662400'),
(7860, 1295, 3, '64.4631010', '11.7656710'),
(7863, 1124, 3, '64.4938200', '11.9473600'),
(7864, 1124, 4, '64.4944700', '11.9491200'),
(7869, 1295, 4, '64.4638000', '11.7614200'),
(7870, 467, 3, '64.4645200', '12.3147100'),
(7871, 467, 4, '64.4651200', '12.3127100'),
(7873, 514, 5, '64.5613200', '12.4933700'),
(7882, 1062, 5, '64.4616000', '13.5941100'),
(7884, 1527, 5, '64.2245600', '13.8314200'),
(7890, 1010, 5, '64.9292600', '13.1594100'),
(7892, 1604, 5, '64.7419100', '12.8443400'),
(7893, 1335, 3, '64.6434300', '13.1115700'),
(7896, 152, 3, '64.8454800', '13.0148000'),
(7898, 876, 5, '64.8838000', '13.5611000'),
(7900, 1215, 5, '64.8655600', '11.2348200'),
(7901, 1215, 4, '64.8611200', '11.2383200'),
(7940, 1122, 5, '64.8602600', '11.2869400'),
(7944, 671, 3, '64.8139000', '11.3381200'),
(7950, 1, 3, '64.7294400', '11.1789400'),
(7960, 1226, 3, '64.8008700', '11.8266530'),
(7970, 758, 3, '64.8629600', '11.6040200'),
(7971, 758, 4, '64.8643800', '11.6010100'),
(7973, 430, 3, '64.9453000', '11.4400000'),
(7976, 763, 3, '64.8729800', '12.4361800'),
(7977, 662, 5, '64.6289000', '12.3025200'),
(7980, 1550, 5, '65.0893080', '12.3786370'),
(7981, 510, 3, '65.2508140', '12.3083980'),
(7982, 87, 5, '65.1255100', '12.2311100'),
(7985, 369, 5, '64.9632900', '12.1762900'),
(7990, 1014, 3, '64.9860000', '11.7560000'),
(7993, 481, 3, '65.0840110', '11.8348400'),
(7994, 855, 5, '65.0875800', '11.7121200'),
(8001, 117, 4, '67.2831900', '14.3856500'),
(8002, 117, 2, '67.2803700', '14.3706300'),
(8003, 117, 3, '67.2764100', '14.3698100'),
(8004, 117, 3, '67.2760100', '14.3923700'),
(8005, 117, 3, '67.2813500', '14.3876000'),
(8006, 117, 3, '67.2846500', '14.3890000'),
(8007, 117, 3, '67.2803900', '14.4000300'),
(8008, 117, 3, '67.2791300', '14.4106200'),
(8009, 117, 3, '67.2897300', '14.4190900'),
(8010, 117, 3, '67.2839450', '14.4168950'),
(8011, 117, 3, '67.2945490', '14.4380850'),
(8012, 117, 3, '67.2974200', '14.4093800'),
(8013, 117, 3, '67.2769900', '14.4614600'),
(8014, 117, 3, '67.3060100', '14.4340500'),
(8015, 117, 3, '67.3139300', '14.4529200'),
(8016, 117, 3, '67.3845700', '14.6287300'),
(8019, 117, 3, '67.2764860', '14.5103070'),
(8020, 117, 3, '67.2822210', '14.5563700'),
(8021, 117, 3, '67.2825700', '14.5211800'),
(8022, 117, 3, '67.2829830', '14.5351770'),
(8023, 117, 3, '67.2841400', '14.5501040'),
(8026, 117, 3, '67.2918480', '14.5518710'),
(8027, 117, 3, '67.2927430', '14.5655540'),
(8028, 117, 3, '67.2849700', '14.5446110'),
(8029, 117, 3, '67.2932560', '14.5889850'),
(8030, 117, 3, '67.2847360', '14.6086620'),
(8031, 117, 4, '67.2812200', '14.5460600'),
(8032, 117, 4, '67.2812200', '14.5460600'),
(8037, 117, 2, '67.2800000', '14.4050000'),
(8038, 117, 2, '67.2800000', '14.4050000'),
(8039, 117, 2, '67.2800000', '14.4050000'),
(8041, 117, 2, '67.2800000', '14.4050000'),
(8047, 117, 1, '67.2691000', '14.3652000'),
(8048, 117, 1, '67.2806000', '14.3763000'),
(8049, 117, 1, '67.2944900', '14.5923100'),
(8050, 1617, 3, '67.2973810', '14.7379880'),
(8056, 1230, 5, '64.1201950', '18.8085940'),
(8058, 1617, 4, '67.2959700', '14.7433100'),
(8063, 1769, 5, '67.6633300', '12.6918100'),
(8064, 1216, 5, '67.5181540', '12.1252610'),
(8070, 117, 3, '67.2718110', '14.4342330'),
(8071, 117, 3, '67.2754500', '14.4676850'),
(8072, 117, 3, '67.2586200', '14.4853300'),
(8073, 117, 3, '67.2832800', '14.4741000'),
(8074, 117, 3, '67.2777290', '14.4562550'),
(8075, 117, 3, '67.2789100', '14.4443900'),
(8076, 117, 3, '67.2839800', '14.4419000'),
(8079, 117, 3, '67.2758970', '14.4898300'),
(8084, 117, 4, '67.2770500', '14.3683800'),
(8086, 117, 4, '67.2978700', '14.3983200'),
(8087, 117, 4, '67.2910600', '14.4187300'),
(8088, 117, 4, '67.2767600', '14.4178300'),
(8089, 117, 4, '67.2767600', '14.4178300'),
(8091, 117, 4, '67.3132000', '14.4499400'),
(8092, 117, 2, '67.2832500', '14.3979700'),
(8093, 724, 5, '67.5195320', '14.7615480'),
(8094, 354, 5, '67.1570000', '13.6972000'),
(8095, 554, 5, '67.4235000', '13.9294000'),
(8096, 113, 3, '67.2772000', '14.0036000'),
(8097, 428, 3, '67.3029000', '13.7064000'),
(8098, 828, 3, '67.4481000', '14.3808000'),
(8099, 683, 3, '70.9221300', '-8.7186700'),
(8100, 963, 3, '67.1177800', '15.0026500'),
(8102, 1318, 3, '67.2329600', '15.0147700'),
(8103, 147, 3, '67.2049000', '15.1643000'),
(8108, 963, 4, '67.1152000', '15.0051000'),
(8110, 978, 3, '67.0063700', '14.5868200'),
(8114, 1572, 3, '66.9188920', '14.7700880'),
(8118, 978, 4, '66.9887600', '14.7586100'),
(8120, 1081, 3, '67.1079000', '14.3040280'),
(8128, 1774, 3, '67.0737500', '14.5519200'),
(8130, 1239, 3, '67.1233200', '14.0501400'),
(8135, 1519, 5, '67.1344800', '13.9698500'),
(8136, 1051, 3, '67.1558700', '14.0018400'),
(8138, 674, 4, '67.0356500', '14.0249700'),
(8140, 674, 3, '67.0346300', '14.0304300'),
(8145, 1444, 3, '66.9538610', '13.7527940'),
(8146, 1149, 3, '66.9092830', '13.6358140'),
(8149, 1037, 3, '66.8442100', '13.7544600'),
(8150, 1829, 3, '66.8742900', '13.7119900'),
(8151, 1829, 4, '66.8742600', '13.7047300'),
(8157, 955, 3, '66.8232440', '13.4092570'),
(8158, 122, 5, '66.8049200', '13.2351200'),
(8159, 1466, 5, '66.9244100', '13.4490400'),
(8160, 445, 3, '66.8166000', '13.9440000'),
(8161, 445, 4, '66.8163600', '13.9443300'),
(8168, 283, 4, '66.7798500', '13.5344300'),
(8170, 283, 3, '66.7783000', '13.5325000'),
(8171, 1484, 3, '66.7070000', '13.7214000'),
(8178, 496, 5, '66.7432100', '13.5566500'),
(8181, 992, 5, '66.7611400', '12.4804000'),
(8182, 952, 3, '66.5156000', '13.6786000'),
(8184, 1785, 3, '66.7176100', '13.4682400'),
(8185, 1760, 5, '66.7125500', '13.2884360'),
(8186, 1563, 3, '66.6963500', '13.4233500'),
(8187, 686, 5, '66.6261000', '13.2920000'),
(8188, 1071, 3, '66.6680070', '13.2514000'),
(8189, 434, 3, '66.5314000', '13.0401000'),
(8190, 1525, 5, '66.4770000', '13.2580000'),
(8193, 1209, 5, '66.6586230', '13.0756620'),
(8195, 435, 5, '66.6164190', '13.0117490'),
(8196, 1273, 5, '66.5732000', '12.9800000'),
(8197, 1441, 3, '66.5488000', '12.8494200'),
(8198, 1065, 3, '66.5963120', '12.6547050'),
(8200, 311, 3, '67.2589740', '15.3915020'),
(8201, 311, 4, '67.2586100', '15.3945900'),
(8202, 311, 4, '67.2551600', '15.4323600'),
(8205, 311, 2, '67.2588000', '15.3918000'),
(8210, 311, 3, '67.2398380', '15.4200410'),
(8215, 1669, 3, '67.2965000', '15.1642000'),
(8220, 1217, 3, '67.4828000', '15.4543000'),
(8226, 1451, 3, '67.3477000', '15.6049000'),
(8230, 1469, 3, '67.1344620', '16.0620120'),
(8231, 1469, 4, '67.1344290', '16.0621830'),
(8232, 1451, 4, '67.3464900', '15.5930800'),
(8233, 1669, 4, '67.3029950', '15.1753690'),
(8250, 1173, 3, '67.0898500', '15.3788100'),
(8251, 1173, 4, '67.1020700', '15.3935800'),
(8255, 1210, 3, '66.9823210', '15.3158860'),
(8256, 1210, 4, '66.9838800', '15.3178500'),
(8260, 676, 3, '67.9629310', '15.9281800'),
(8261, 676, 4, '67.9399600', '15.8606400'),
(8264, 282, 3, '67.5861000', '15.8231000'),
(8266, 1006, 3, '67.7111000', '15.8471000'),
(8270, 232, 3, '68.0446000', '16.0796000'),
(8271, 232, 4, '68.0439500', '16.0802300'),
(8273, 1038, 3, '68.1224000', '16.1062000'),
(8274, 991, 3, '67.8909000', '16.2091000'),
(8275, 1440, 3, '68.2060000', '16.0824000'),
(8276, 1642, 3, '68.1156370', '15.8666610'),
(8281, 848, 4, '67.7751400', '15.0163200'),
(8283, 848, 3, '67.7755000', '15.0154000'),
(8285, 847, 3, '67.7342400', '14.7877000'),
(8286, 1058, 3, '67.7642710', '15.2423420'),
(8288, 119, 3, '67.8977000', '15.1831000'),
(8289, 1759, 5, '67.9263700', '15.0114700'),
(8290, 1347, 3, '68.0174800', '15.3308800'),
(8291, 1347, 4, '68.0150390', '15.3324780'),
(8294, 502, 3, '68.0852000', '15.6031000'),
(8297, 1592, 3, '69.1706000', '17.7342000'),
(8298, 502, 4, '68.0852800', '15.6107800'),
(8300, 1495, 3, '68.2322400', '14.5645240'),
(8301, 1495, 4, '68.2356290', '14.5632360'),
(8305, 1495, 2, '68.2356130', '14.5632150'),
(8309, 702, 4, '68.2101070', '14.4767620'),
(8310, 702, 3, '68.2101390', '14.4776630'),
(8311, 561, 4, '68.1549020', '14.2041850'),
(8312, 561, 3, '68.1547620', '14.2035200'),
(8313, 738, 3, '68.2554000', '14.2729000'),
(8314, 426, 3, '68.3207000', '14.2413000'),
(8315, 841, 3, '68.3896360', '14.4236760'),
(8316, 842, 3, '68.3493910', '14.7462270'),
(8317, 1460, 3, '68.4348260', '14.7412190'),
(8320, 1342, 5, '68.1670200', '14.6608900'),
(8322, 158, 3, '68.2356000', '14.8470000'),
(8323, 1437, 3, '68.3286000', '15.1873000'),
(8324, 222, 3, '68.3132000', '14.9872000'),
(8325, 1547, 3, '68.4202000', '15.1592000'),
(8326, 999, 3, '68.4588000', '15.0571000'),
(8328, 1435, 3, '68.2632000', '14.8433000'),
(8340, 1404, 3, '68.1335900', '13.8413600'),
(8352, 1278, 3, '68.1087300', '13.7065100'),
(8360, 206, 5, '68.2376300', '13.7461200'),
(8370, 856, 3, '68.1481820', '13.6115460'),
(8372, 458, 3, '68.1217800', '13.5392100'),
(8373, 58, 5, '68.0759330', '13.5481080'),
(8375, 856, 2, '68.1475000', '13.6115000'),
(8376, 856, 4, '68.1474700', '13.6074900'),
(8377, 458, 4, '68.1195800', '13.5471700'),
(8378, 1404, 4, '68.1303500', '13.8488600'),
(8380, 1133, 3, '68.0875630', '13.2279400'),
(8382, 1012, 3, '68.1332000', '13.4303000'),
(8384, 1470, 3, '68.0063000', '13.2089000'),
(8387, 388, 3, '68.0863000', '13.1634000'),
(8388, 1133, 4, '68.0891000', '13.2282600'),
(8390, 1145, 3, '67.9310100', '13.0908450'),
(8392, 1534, 3, '67.8890900', '13.0232770'),
(8393, 1534, 4, '67.8941400', '13.0298100'),
(8398, 1145, 4, '67.9408400', '13.0963600'),
(8400, 1387, 3, '68.6970190', '15.4135290'),
(8401, 1387, 4, '68.6957900', '15.4167400'),
(8405, 1387, 2, '68.6949000', '15.4162000'),
(8407, 447, 3, '68.7710000', '15.9209000'),
(8408, 1243, 3, '68.7938000', '14.9329000'),
(8409, 478, 3, '68.6203700', '15.8337300'),
(8410, 916, 3, '68.4108000', '15.9919400'),
(8411, 916, 4, '68.4108000', '15.9919400'),
(8412, 1709, 3, '68.3279740', '15.6204990'),
(8413, 812, 3, '68.5723000', '15.2239000'),
(8414, 560, 3, '68.5318000', '15.2242000'),
(8415, 560, 4, '68.5318000', '15.2242000'),
(8426, 66, 3, '68.8173000', '14.8072000'),
(8428, 1611, 3, '68.8745940', '14.9074170'),
(8430, 998, 3, '68.9152050', '15.0887200'),
(8432, 11, 3, '68.9030800', '15.2763500'),
(8438, 1464, 3, '69.0186800', '15.1245000'),
(8439, 998, 4, '68.9146100', '15.0814700'),
(8445, 950, 3, '68.5008220', '14.7977260'),
(8446, 950, 2, '68.4990000', '14.7880000'),
(8447, 892, 3, '68.5178000', '15.2529000'),
(8450, 1426, 5, '68.5676700', '14.9131400'),
(8452, 1426, 6, '68.5646000', '14.9107000'),
(8455, 1426, 4, '68.5676700', '14.9131400'),
(8459, 950, 4, '68.5011800', '14.7991100'),
(8465, 1455, 4, '68.6886700', '14.4719500'),
(8469, 197, 4, '68.6188700', '14.4546900'),
(8470, 197, 3, '68.6177850', '14.4625000'),
(8475, 1455, 3, '68.6873980', '14.4847870'),
(8480, 17, 3, '69.3177440', '16.1213350'),
(8481, 111, 3, '69.2723700', '15.9589000'),
(8483, 17, 4, '69.3203600', '16.1217800'),
(8484, 1168, 3, '68.9741200', '15.6411700'),
(8485, 239, 3, '69.1060010', '15.9633780'),
(8488, 1087, 3, '69.0783900', '15.5658800'),
(8489, 1064, 3, '69.1345580', '15.6741610'),
(8493, 1168, 4, '68.9747600', '15.6442700'),
(8501, 1013, 4, '68.4416500', '17.4360100'),
(8502, 1013, 4, '68.4416500', '17.4360100'),
(8503, 1013, 4, '68.4416500', '17.4360100'),
(8504, 1013, 4, '68.4416500', '17.4360100'),
(8505, 1013, 4, '68.4416500', '17.4360100'),
(8506, 1013, 4, '68.4416500', '17.4360100'),
(8507, 1013, 4, '68.4416500', '17.4360100'),
(8508, 1013, 4, '68.4416500', '17.4360100'),
(8509, 1013, 4, '68.4416500', '17.4360100'),
(8510, 1013, 4, '68.4416500', '17.4360100'),
(8512, 1013, 2, '68.4384000', '17.4272000'),
(8513, 20, 4, '68.4191400', '17.3875000'),
(8514, 1013, 3, '68.4144800', '17.4342900'),
(8515, 1013, 3, '68.4384300', '17.4499400'),
(8516, 1013, 3, '68.4405200', '17.4081500'),
(8517, 1013, 3, '68.4463380', '17.4411290'),
(8518, 1013, 4, '68.4416500', '17.4360100'),
(8520, 20, 3, '68.4191490', '17.3868370'),
(8522, 74, 3, '68.3754220', '17.5941900'),
(8523, 278, 3, '68.2565290', '17.4028740'),
(8530, 96, 3, '68.5520700', '17.5542600'),
(8531, 96, 4, '68.5500600', '17.5541300'),
(8533, 118, 3, '68.5179100', '17.0031300'),
(8534, 872, 3, '68.4822000', '16.8866300'),
(8535, 1629, 3, '68.4604000', '16.6223000'),
(8536, 299, 3, '68.5829610', '16.5737340'),
(8539, 118, 4, '68.5238400', '17.0087700'),
(8540, 57, 3, '68.3410500', '16.8237600'),
(8542, 721, 4, '68.4075520', '16.6760620'),
(8543, 721, 3, '68.4047410', '16.6665030'),
(8546, 57, 4, '68.3423100', '16.8318700'),
(8587, 1445, 3, '68.0728000', '16.3897000'),
(8590, 730, 3, '68.0970000', '16.3742000'),
(8591, 730, 4, '68.0971200', '16.3787100'),
(8601, 971, 4, '66.3431500', '14.1468200'),
(8602, 971, 4, '66.3131700', '14.1302600'),
(8603, 971, 4, '66.3186300', '14.2131600'),
(8604, 971, 4, '66.3253300', '14.1769700'),
(8605, 971, 1, '66.3106000', '14.1564000'),
(8606, 971, 1, '66.3026000', '14.1220000'),
(8607, 971, 2, '66.3128000', '14.1428000'),
(8608, 971, 4, '66.3131700', '14.1302600'),
(8610, 971, 3, '66.3185510', '14.2073820'),
(8613, 971, 3, '66.3261000', '14.1769000'),
(8614, 971, 3, '66.3446900', '14.1381400'),
(8615, 1333, 3, '66.3561860', '14.3213220'),
(8616, 971, 5, '66.3348570', '14.1066280'),
(8617, 216, 3, '66.2523500', '13.9827500'),
(8618, 971, 5, '66.2884500', '14.0740100'),
(8622, 971, 3, '66.3125180', '14.1324390'),
(8624, 971, 3, '66.3066550', '14.1387540'),
(8626, 971, 3, '66.3179140', '14.1639450'),
(8629, 1483, 3, '66.4804690', '14.2284970'),
(8630, 1438, 3, '66.4046100', '14.5282100'),
(8634, 971, 1, '66.3125000', '14.1311000'),
(8635, 1128, 1, '66.5517000', '15.3208000'),
(8638, 1438, 4, '66.4044600', '14.5283900'),
(8640, 557, 3, '66.2240400', '13.6237700'),
(8641, 557, 4, '66.2243000', '13.6013400'),
(8642, 324, 5, '66.1862900', '13.7912000'),
(8643, 94, 5, '66.1487740', '13.8362610'),
(8646, 772, 3, '66.0769770', '13.8247300'),
(8647, 112, 3, '65.9083110', '13.8132710'),
(8648, 772, 4, '66.0775200', '13.8258400'),
(8651, 986, 4, '65.8397300', '13.1902800'),
(8654, 986, 2, '65.8360000', '13.1908000'),
(8655, 986, 2, '65.8623000', '13.1839000'),
(8656, 986, 3, '65.8354000', '13.1956200'),
(8657, 986, 3, '65.8379300', '13.2093100'),
(8658, 986, 3, '65.7890000', '13.2168000'),
(8659, 986, 3, '65.8360000', '13.1908000'),
(8661, 986, 3, '65.8250900', '13.2227000'),
(8663, 986, 3, '65.8502100', '13.1998800'),
(8664, 986, 3, '65.9764700', '13.2077300'),
(8665, 986, 3, '65.8676200', '13.1938600'),
(8672, 276, 3, '66.1031000', '13.5481000'),
(8680, 1598, 3, '65.5335530', '13.4064960'),
(8681, 1598, 4, '65.5390300', '13.3826900'),
(8690, 523, 3, '65.5953000', '13.9973800'),
(8691, 523, 4, '65.5968900', '13.9884000'),
(8700, 1033, 3, '66.1974200', '13.0236900'),
(8701, 1033, 4, '66.1997200', '13.0231100'),
(8720, 1735, 3, '66.1890800', '12.9532370'),
(8723, 633, 3, '66.2472480', '12.7600260'),
(8724, 1261, 3, '66.2326000', '12.9886000'),
(8725, 1652, 3, '66.2901980', '13.5792730'),
(8726, 1652, 4, '66.2924000', '13.5736000'),
(8730, 142, 3, '66.4083000', '13.1640000'),
(8732, 8, 3, '66.4004000', '13.1154000'),
(8733, 1461, 3, '66.4300000', '13.0441000'),
(8735, 1424, 3, '66.3348180', '13.0107310'),
(8740, 1047, 3, '66.3690400', '12.6405490'),
(8742, 1274, 5, '66.5825300', '12.2352300'),
(8743, 670, 5, '66.2927000', '12.5769000'),
(8750, 1577, 3, '66.5113500', '13.0180800'),
(8752, 767, 3, '66.4998000', '13.1033000'),
(8753, 767, 4, '66.4994700', '13.0990600'),
(8754, 1827, 3, '66.4605000', '13.2245000'),
(8761, 1355, 4, '66.3638600', '12.6060400'),
(8762, 1355, 3, '66.3662100', '12.5942100'),
(8764, 896, 5, '66.3689300', '12.3661900'),
(8766, 904, 3, '66.3989190', '12.8639170'),
(8767, 904, 4, '66.4186000', '12.8422800'),
(8770, 1606, 5, '66.5012000', '12.1014900'),
(8800, 1242, 3, '66.0126300', '12.6063200'),
(8801, 1242, 4, '66.0221200', '12.6342700'),
(8805, 1242, 2, '66.0190200', '12.6169900'),
(8813, 768, 3, '66.1429000', '12.7013000'),
(8820, 243, 3, '66.1053000', '12.4902000'),
(8827, 243, 4, '66.1088700', '12.4874100'),
(8830, 1672, 5, '66.1568400', '12.3381000'),
(8842, 141, 3, '65.9130000', '12.1806000'),
(8844, 1252, 5, '65.8951000', '11.9872000'),
(8850, 573, 3, '65.9848000', '12.2923200'),
(8851, 573, 4, '65.9827800', '12.2879700'),
(8852, 573, 4, '65.9613000', '12.2746400'),
(8854, 44, 3, '65.9339270', '12.3604350'),
(8860, 1567, 5, '65.8224700', '12.4277100'),
(8865, 1597, 5, '65.7904000', '12.5255000'),
(8870, 1747, 3, '65.7246280', '12.6019250'),
(8880, 194, 5, '65.8693920', '12.6175630'),
(8883, 638, 3, '65.8266880', '12.6614230'),
(8890, 852, 3, '66.0648620', '12.9381410'),
(8891, 852, 4, '66.0355430', '12.5611550'),
(8892, 1475, 3, '65.9930000', '12.8505000'),
(8897, 61, 3, '66.2184000', '13.3908000'),
(8900, 170, 3, '65.4698450', '12.2058110'),
(8901, 170, 4, '65.4698800', '12.2058960'),
(8905, 170, 2, '65.4698980', '12.2056070'),
(8910, 170, 1, '65.4767840', '12.2128270'),
(8920, 1511, 3, '65.3104300', '12.1661100'),
(8921, 1511, 4, '65.3124000', '12.1681500'),
(8922, 1511, 4, '65.3709600', '12.1978700'),
(8960, 607, 3, '65.4060700', '12.5522100'),
(8961, 607, 4, '65.4075000', '12.5532600'),
(8976, 1722, 5, '65.7006800', '12.4408300'),
(8978, 576, 3, '65.6958600', '12.3952400'),
(8980, 1695, 3, '65.6768600', '11.9601400'),
(8981, 1695, 4, '65.6769000', '11.9629700'),
(8985, 1772, 5, '65.6326600', '12.1627600'),
(9006, 1601, 3, '69.6319630', '18.9196630'),
(9007, 1601, 3, '69.6429700', '18.9310900'),
(9008, 1601, 3, '69.6509100', '18.9561300'),
(9009, 1601, 3, '69.6540900', '18.9507100'),
(9010, 1601, 3, '69.6694300', '18.9670000'),
(9011, 1601, 3, '69.6605020', '18.9504750'),
(9012, 1601, 3, '69.6511500', '18.9275000'),
(9013, 1601, 5, '69.6398700', '18.9019600'),
(9014, 1601, 3, '69.6836600', '18.9487700'),
(9015, 1601, 3, '69.6757700', '18.9365500'),
(9016, 1601, 3, '69.6665800', '18.9256000'),
(9017, 1601, 3, '69.7006500', '18.9764900'),
(9018, 1601, 3, '69.6951500', '19.0012500'),
(9019, 1601, 3, '69.6849600', '18.9922200'),
(9020, 1600, 3, '69.6450280', '18.9960650'),
(9022, 784, 3, '69.6841430', '19.0720510'),
(9024, 1574, 3, '69.6643300', '19.0299500'),
(9027, 1134, 3, '69.5614200', '19.1819620'),
(9030, 1292, 3, '69.5339100', '19.6418600'),
(9034, 1095, 3, '69.7568680', '19.6760160'),
(9037, 1601, 1, '69.6797000', '18.9708000'),
(9038, 1601, 2, '69.6830740', '18.9828930'),
(9040, 1061, 3, '69.2188460', '19.5414160'),
(9042, 825, 3, '69.3774700', '19.3619300'),
(9043, 701, 3, '69.6042000', '19.8174000'),
(9046, 1119, 3, '69.2552980', '19.8849110'),
(9049, 1061, 4, '69.2181200', '19.5570800'),
(9050, 1443, 3, '69.2400460', '19.2255160'),
(9054, 925, 3, '69.3867000', '18.9909000'),
(9055, 948, 3, '69.3298500', '18.9179900'),
(9056, 983, 3, '69.3995890', '18.5967920'),
(9057, 1736, 5, '69.5429000', '18.7710000'),
(9059, 1443, 4, '69.2384900', '19.2261900'),
(9060, 908, 3, '69.5756520', '20.2191350'),
(9062, 398, 3, '69.4394500', '20.1495300'),
(9064, 1492, 3, '69.6636350', '19.8110530'),
(9068, 1046, 3, '69.9217000', '20.1607000'),
(9069, 908, 4, '69.5761500', '20.2196900'),
(9100, 797, 3, '69.6852700', '18.8063300'),
(9103, 1346, 3, '69.7965300', '18.7675900'),
(9106, 1453, 3, '69.5717000', '18.6534000'),
(9107, 1602, 3, '69.7677100', '18.3949900'),
(9110, 1383, 3, '69.6342960', '18.0054220'),
(9118, 157, 3, '69.6017600', '18.0413400'),
(9119, 1383, 4, '69.6342440', '18.0052610'),
(9120, 1702, 3, '69.8358900', '18.5770600'),
(9128, 1613, 3, '69.6526100', '18.1404800'),
(9130, 508, 3, '69.9509600', '19.4945300'),
(9131, 822, 3, '69.8688000', '18.9252000'),
(9132, 1401, 3, '69.9595000', '19.6875000'),
(9134, 508, 4, '69.9602900', '19.6096200'),
(9135, 1678, 3, '70.0726000', '19.9821000'),
(9136, 1677, 3, '70.2004000', '19.6052000'),
(9137, 1678, 4, '70.0726000', '19.9821000'),
(9138, 711, 5, '70.0016900', '19.9001200'),
(9140, 1144, 3, '70.0428900', '18.8092500'),
(9141, 968, 3, '70.0330000', '18.5596000'),
(9142, 1311, 4, '69.3885400', '20.2746500'),
(9143, 1311, 3, '69.3767600', '20.2881200'),
(9144, 1231, 5, '69.5413200', '20.5451300'),
(9146, 1094, 3, '69.6041000', '20.5327000'),
(9147, 91, 5, '69.4955000', '20.8314600'),
(9148, 1094, 4, '69.6037400', '20.5329200'),
(9151, 1442, 3, '69.7695600', '21.0252840'),
(9152, 1526, 5, '69.7926500', '20.9391200'),
(9153, 1184, 3, '69.7776000', '20.5896000'),
(9156, 1442, 4, '69.7673900', '21.0274500'),
(9159, 532, 5, '69.7875800', '20.5678500'),
(9161, 178, 3, '69.9380000', '22.0521000'),
(9162, 1530, 3, '69.8402140', '21.8678630'),
(9163, 697, 3, '70.0604000', '21.8696000'),
(9164, 816, 3, '69.8978000', '21.5449000'),
(9169, 178, 4, '69.9390700', '22.0508500'),
(9170, 891, 3, '78.2222000', '15.6315000'),
(9171, 891, 2, '78.2222000', '15.6315000'),
(9173, 1078, 5, '78.9245000', '11.9286000'),
(9174, 611, 3, '76.5097000', '25.0132000'),
(9175, 1487, 3, '77.8983000', '16.7224000'),
(9176, 107, 3, '74.5067000', '19.0015000'),
(9178, 65, 3, '78.0620000', '14.2144000'),
(9180, 1319, 3, '70.0326000', '20.9744000'),
(9181, 504, 3, '69.9289000', '20.9591000'),
(9182, 1263, 3, '70.2048000', '21.2213000'),
(9184, 1146, 5, '70.1018000', '21.5997000'),
(9185, 1392, 3, '69.9962000', '21.6822000'),
(9186, 18, 3, '70.2358000', '21.2366000'),
(9187, 1659, 3, '69.9628000', '21.5231000'),
(9189, 1319, 4, '70.0326300', '20.9745000'),
(9190, 4, 3, '70.0642000', '20.4926000'),
(9192, 27, 3, '70.0527000', '20.6322000'),
(9193, 1040, 3, '70.0675000', '20.8306000'),
(9194, 840, 3, '70.1381000', '20.7642000'),
(9195, 1811, 5, '70.1940000', '20.5196000'),
(9197, 1643, 3, '69.8581000', '20.6866000'),
(9251, 1601, 4, '69.6478700', '18.9566000'),
(9252, 1601, 4, '69.6478700', '18.9566000'),
(9253, 1601, 4, '69.6478700', '18.9566000'),
(9254, 1601, 4, '69.6478700', '18.9566000'),
(9255, 1601, 4, '69.6478700', '18.9566000'),
(9256, 1601, 4, '69.6478700', '18.9566000'),
(9257, 1601, 4, '69.6478700', '18.9566000'),
(9258, 1601, 4, '69.6478700', '18.9566000'),
(9259, 1601, 4, '69.6478700', '18.9566000'),
(9260, 1601, 4, '69.6478700', '18.9566000'),
(9261, 1601, 4, '69.6478700', '18.9566000'),
(9262, 1601, 4, '69.6478700', '18.9566000'),
(9263, 1601, 4, '69.6478700', '18.9566000'),
(9265, 1601, 4, '69.6481000', '18.9567000'),
(9266, 1601, 4, '69.6481000', '18.9567000'),
(9267, 1601, 4, '69.6481000', '18.9567000'),
(9268, 1601, 4, '69.6481000', '18.9567000'),
(9269, 1601, 4, '69.6481000', '18.9567000'),
(9270, 1601, 4, '69.6481000', '18.9567000'),
(9271, 1601, 4, '69.6481000', '18.9567000'),
(9272, 1601, 4, '69.6481000', '18.9567000'),
(9273, 1601, 4, '69.6827000', '18.9115000'),
(9274, 1601, 4, '69.6971000', '18.9600000'),
(9275, 1601, 4, '69.6849900', '19.0035000'),
(9276, 1601, 4, '69.6849900', '19.0035000'),
(9277, 1601, 4, '69.6849900', '19.0035000'),
(9278, 1601, 4, '69.6659700', '18.9710000'),
(9279, 1601, 4, '69.6909200', '18.8634100'),
(9280, 1601, 4, '69.6909200', '18.8634100'),
(9281, 1601, 4, '69.6909200', '18.8634100'),
(9282, 1601, 4, '69.6772200', '18.7477800'),
(9283, 1601, 4, '69.6399600', '18.9708600'),
(9284, 1601, 4, '69.6399600', '18.9708600'),
(9285, 1601, 4, '69.6399600', '18.9708600'),
(9286, 1601, 4, '69.6399600', '18.9708600'),
(9287, 1601, 4, '69.6666100', '19.0218300'),
(9288, 1601, 4, '69.6841100', '19.0714900'),
(9290, 1601, 1, '69.6493000', '18.9595000'),
(9291, 1601, 2, '69.6549230', '19.0112400'),
(9292, 1601, 2, '69.6481000', '18.9567000'),
(9293, 1601, 2, '69.6481000', '18.9567000'),
(9294, 1601, 6, '69.6481000', '18.9567000'),
(9296, 1601, 2, '69.6439000', '18.9485000'),
(9297, 1601, 1, '69.6753000', '18.9225000'),
(9298, 1601, 1, '69.6493000', '18.9556000'),
(9299, 1601, 1, '69.6518200', '18.9556000'),
(9300, 325, 3, '69.2303090', '17.9854770'),
(9302, 1182, 3, '69.3627500', '18.3175400'),
(9303, 1284, 3, '69.2452100', '17.9486800'),
(9304, 1676, 3, '69.1700330', '17.7359890'),
(9305, 325, 4, '69.2299400', '17.9816900'),
(9306, 325, 2, '69.2296000', '17.9811000'),
(9310, 1528, 3, '69.1419300', '18.1435200'),
(9311, 171, 3, '69.0887000', '17.6949000'),
(9315, 1528, 4, '69.1445200', '18.1519100'),
(9316, 171, 4, '69.0912000', '17.6950700'),
(9321, 974, 3, '69.1304000', '18.6123000'),
(9322, 710, 3, '69.2134000', '18.4702000'),
(9325, 63, 3, '69.0652970', '18.5103320'),
(9326, 63, 4, '69.0646400', '18.5115500'),
(9329, 974, 4, '69.1442700', '18.5938300'),
(9334, 1835, 3, '69.0279200', '19.2917900'),
(9335, 1835, 4, '69.0245300', '19.2969500'),
(9336, 1192, 3, '69.0201350', '18.8983620'),
(9350, 1294, 3, '68.8726000', '17.8474000'),
(9355, 1294, 4, '68.8768500', '17.8322800'),
(9357, 1548, 3, '68.7474150', '17.8052760'),
(9358, 1548, 4, '68.7480610', '17.8075720'),
(9360, 62, 3, '68.8614280', '18.3367400'),
(9365, 62, 4, '68.8619900', '18.3474000'),
(9370, 1284, 4, '69.2427400', '17.9485300'),
(9372, 424, 3, '69.3572200', '18.0786500'),
(9373, 134, 3, '69.5095700', '17.9005600'),
(9376, 1305, 3, '69.1597140', '17.5933490'),
(9379, 472, 4, '69.3618400', '17.0536200'),
(9380, 472, 3, '69.3621800', '17.0565200'),
(9381, 1584, 3, '69.3392000', '17.1054300'),
(9382, 424, 4, '69.3533100', '18.0778400'),
(9384, 1296, 4, '69.4445000', '17.2979000'),
(9385, 1296, 3, '69.4475900', '17.2895500'),
(9386, 1277, 3, '69.4972200', '17.4856900'),
(9387, 1277, 4, '69.4967400', '17.4900700'),
(9388, 341, 5, '69.5055500', '17.6291400'),
(9389, 639, 5, '69.5442800', '17.6605300'),
(9391, 1430, 4, '69.0851100', '17.1770700'),
(9392, 1430, 3, '69.0854000', '17.1724000'),
(9393, 346, 3, '69.1902000', '17.0330000'),
(9395, 704, 5, '69.2816000', '16.9868000'),
(9402, 515, 3, '68.8238660', '16.4019870'),
(9403, 515, 3, '68.8077600', '16.5106200'),
(9404, 515, 3, '68.8107900', '16.5427900'),
(9405, 515, 3, '68.7995910', '16.5445090'),
(9406, 515, 3, '68.7931500', '16.5287000'),
(9407, 515, 3, '68.7833050', '16.5348530'),
(9408, 515, 3, '68.7847340', '16.5601300'),
(9409, 515, 3, '68.7863300', '16.5808700'),
(9411, 515, 3, '68.7726600', '16.5585400'),
(9414, 515, 3, '68.7625150', '16.5533070'),
(9415, 515, 5, '68.7456600', '16.5573200'),
(9419, 1533, 3, '68.6842000', '16.5351000'),
(9420, 901, 5, '68.8785530', '16.5653890'),
(9423, 475, 3, '68.9643070', '16.2628150'),
(9424, 732, 3, '68.8746870', '16.6956420'),
(9425, 1247, 5, '68.9415660', '16.6733260'),
(9426, 92, 5, '68.9972320', '16.5378710'),
(9427, 956, 3, '69.0728000', '16.5047000'),
(9430, 1248, 3, '68.5784200', '16.4997400'),
(9436, 764, 3, '68.5660930', '16.2519550'),
(9439, 300, 4, '68.5836800', '16.5718400'),
(9440, 300, 3, '68.5836970', '16.5722540'),
(9441, 337, 3, '68.5570000', '16.5272000'),
(9442, 1136, 3, '68.4939000', '16.5144000'),
(9443, 996, 3, '68.4270000', '16.3403000'),
(9444, 597, 3, '68.5490000', '16.3922000'),
(9445, 1588, 3, '68.6787300', '16.8010000'),
(9446, 469, 3, '68.6739000', '17.1245100'),
(9447, 469, 4, '68.6809900', '17.1195600'),
(9448, 1136, 4, '68.4912300', '16.5173500'),
(9450, 505, 3, '68.7783000', '17.1746000'),
(9451, 505, 4, '68.7783300', '17.1744300'),
(9453, 788, 3, '68.8343000', '17.3794000'),
(9454, 1803, 3, '68.8333000', '17.1858000'),
(9455, 285, 5, '68.9256500', '17.1221300'),
(9470, 456, 3, '68.6914100', '17.5396300'),
(9471, 456, 4, '68.6900000', '17.5521000'),
(9475, 129, 3, '68.7717160', '16.1778690'),
(9476, 129, 4, '68.7730600', '16.1712200'),
(9479, 515, 2, '68.7993000', '16.5460000'),
(9480, 515, 2, '68.7993000', '16.5460000'),
(9481, 515, 4, '68.7990200', '16.5455100'),
(9482, 515, 4, '68.7990200', '16.5455100'),
(9483, 515, 4, '68.7990200', '16.5455100'),
(9484, 515, 4, '68.7990200', '16.5455100'),
(9485, 515, 4, '68.7990200', '16.5455100'),
(9486, 515, 4, '68.7990200', '16.5455100'),
(9487, 515, 4, '68.7990200', '16.5455100'),
(9488, 515, 4, '68.7809750', '16.5658810'),
(9489, 515, 4, '68.7990200', '16.5455100'),
(9496, 515, 4, '68.8080100', '16.5091200'),
(9497, 515, 4, '68.7792360', '16.5665250'),
(9498, 515, 4, '68.7993000', '16.5460000'),
(9499, 515, 4, '68.7993000', '16.5460000'),
(9501, 12, 4, '69.9607000', '23.2340500'),
(9502, 12, 4, '69.9607000', '23.2340500'),
(9503, 12, 4, '69.9662500', '23.2749300'),
(9504, 12, 4, '69.9662500', '23.2749300'),
(9505, 12, 4, '69.9662500', '23.2749300'),
(9506, 12, 4, '69.9662500', '23.2749300'),
(9507, 12, 4, '69.9737300', '23.3613700'),
(9508, 12, 4, '69.9737300', '23.3613700'),
(9509, 12, 2, '69.9760580', '23.3406900'),
(9510, 12, 3, '69.9704200', '23.2861300'),
(9511, 12, 3, '69.9694900', '23.2587300'),
(9512, 12, 3, '69.9518750', '23.2215570'),
(9513, 12, 3, '69.9552400', '23.2410200'),
(9514, 12, 3, '69.9655300', '23.3228600'),
(9515, 12, 3, '69.9775000', '23.3658800'),
(9516, 12, 3, '69.9576400', '23.3798200'),
(9517, 12, 3, '69.9527600', '23.4739200'),
(9518, 12, 3, '69.8989400', '23.2086300'),
(9519, 806, 3, '70.1202350', '23.3943560'),
(9520, 715, 3, '69.0239300', '23.0581600'),
(9521, 715, 4, '69.0114600', '23.0415500'),
(9525, 945, 5, '69.4429100', '23.6642400'),
(9526, 1477, 3, '69.5877000', '23.5286000'),
(9531, 795, 5, '70.3184400', '22.8714900'),
(9532, 493, 5, '70.3063200', '23.0795100'),
(9533, 762, 5, '70.1432000', '23.2677000'),
(9536, 774, 3, '70.2474000', '23.3861000'),
(9540, 1539, 3, '70.0419900', '22.9509600'),
(9545, 833, 3, '70.0675300', '22.4138400'),
(9550, 1823, 3, '70.2371000', '22.3501100'),
(9551, 1823, 4, '70.2405500', '22.3493000'),
(9580, 83, 5, '70.2521700', '21.7864800'),
(9582, 1077, 3, '70.2603500', '22.1400800'),
(9583, 834, 5, '70.1389700', '21.8617700'),
(9584, 1518, 5, '70.2182150', '21.7131740'),
(9585, 1240, 3, '70.2672630', '21.6027910'),
(9586, 893, 3, '70.3422980', '21.4536380'),
(9587, 1307, 3, '70.2360000', '21.4223000'),
(9590, 520, 5, '70.4864120', '22.1609340'),
(9593, 148, 5, '70.5893200', '22.2829700'),
(9595, 1535, 5, '70.6305400', '21.9818000'),
(9600, 503, 5, '70.6629900', '23.6799600'),
(9609, 1067, 3, '70.5445000', '23.1483000'),
(9610, 1199, 5, '70.6447100', '23.6760600'),
(9613, 503, 2, '70.6634000', '23.6821000'),
(9615, 503, 4, '70.6629900', '23.6799600'),
(9616, 503, 4, '70.6629900', '23.6799600'),
(9620, 796, 3, '70.5021130', '23.9817380'),
(9621, 796, 4, '70.5018900', '23.9808400'),
(9624, 1160, 3, '70.6821000', '24.3491000'),
(9650, 3, 5, '70.7947800', '23.4100800'),
(9653, 549, 3, '70.7159000', '23.2990000'),
(9657, 821, 5, '70.5436400', '23.1487400'),
(9664, 1254, 5, '70.6725000', '23.0038000'),
(9670, 1609, 5, '70.9967080', '24.1029310'),
(9672, 673, 5, '71.0836200', '24.0562400'),
(9690, 533, 3, '70.9994800', '24.6611600'),
(9691, 533, 4, '70.9958300', '24.6681200'),
(9692, 1004, 5, '71.0097300', '25.0043600'),
(9700, 823, 3, '70.0563060', '25.0009350'),
(9709, 1129, 3, '69.9023700', '24.9998500'),
(9710, 669, 3, '70.3153000', '25.0462000'),
(9711, 823, 4, '70.0529000', '24.9602500'),
(9712, 823, 2, '70.0513000', '24.9718000'),
(9713, 1193, 5, '70.4750700', '25.0693800'),
(9714, 1367, 3, '70.7687100', '24.5976000'),
(9715, 748, 3, '70.6127200', '24.6464100'),
(9716, 205, 5, '70.3182040', '25.5653290'),
(9717, 1698, 5, '70.6570200', '26.5906500'),
(9722, 1328, 5, '69.8398000', '25.0783000'),
(9730, 708, 3, '69.4718470', '25.5111880'),
(9735, 708, 4, '69.4721900', '25.5129300'),
(9740, 845, 5, '70.5716580', '27.0062400'),
(9742, 792, 5, '70.3451300', '26.5078100'),
(9750, 610, 3, '70.9821830', '25.9704350'),
(9751, 610, 4, '70.9821400', '25.9707600'),
(9755, 610, 2, '70.9821000', '25.9704000'),
(9760, 1072, 3, '70.9849800', '26.0387000'),
(9763, 1301, 5, '71.1128000', '25.8243500'),
(9764, 1059, 3, '71.1693200', '25.7828100'),
(9765, 436, 5, '71.0985700', '25.3807800'),
(9768, 1157, 3, '70.7476800', '25.6749000'),
(9770, 946, 5, '71.0388300', '27.8520600'),
(9771, 1325, 5, '70.8004000', '28.0985000'),
(9772, 835, 3, '70.7190400', '28.0764700'),
(9773, 1025, 5, '70.6652690', '27.8544720'),
(9775, 411, 5, '71.0616300', '28.2483300'),
(9782, 240, 5, '70.8984000', '27.2252000'),
(9783, 1063, 3, '70.8703410', '27.5006680'),
(9790, 727, 5, '70.9459400', '27.3555200'),
(9800, 1657, 3, '70.0731920', '29.7523100'),
(9802, 1715, 3, '70.1206900', '29.3341800'),
(9810, 1715, 4, '70.1107400', '29.3338800'),
(9811, 1657, 4, '70.0730600', '29.7528000'),
(9815, 1657, 2, '70.0730460', '29.7520920'),
(9820, 1683, 4, '70.1729200', '28.5539400'),
(9826, 1288, 3, '70.0147000', '27.3986000'),
(9840, 1683, 3, '70.1727770', '28.5558270'),
(9845, 1540, 3, '70.1998050', '28.1807530'),
(9846, 1540, 4, '70.1985900', '28.1869600'),
(9900, 719, 3, '69.7243540', '30.0506570'),
(9910, 106, 3, '69.6668080', '29.9841780'),
(9912, 575, 3, '69.6915200', '29.9922100'),
(9914, 106, 4, '69.6666800', '29.9854700'),
(9915, 719, 4, '69.7279900', '30.0382700'),
(9916, 575, 4, '69.6882700', '29.9926700'),
(9917, 719, 2, '69.7284700', '30.0464000'),
(9925, 1480, 3, '69.4581260', '30.0323300'),
(9930, 1022, 3, '69.6929660', '29.3710870'),
(9934, 175, 3, '69.8682000', '29.3462000'),
(9935, 176, 5, '69.9731500', '29.6437300'),
(9950, 1684, 3, '70.3703300', '31.1058140'),
(9951, 1684, 4, '70.3741700', '31.1009200'),
(9960, 716, 5, '70.2849600', '31.0009000'),
(9980, 84, 3, '70.8556200', '29.0840900'),
(9981, 84, 4, '70.8414200', '29.1056400'),
(9982, 760, 5, '70.8423400', '29.1053000'),
(9990, 190, 3, '70.6274810', '29.7125500'),
(9991, 190, 4, '70.6379000', '29.7270200');

-- --------------------------------------------------------

--
-- Tabellstruktur for tabell `postal_zip_places`
--

CREATE TABLE IF NOT EXISTS `postal_zip_places` (
  `place_id` smallint(5) unsigned NOT NULL auto_increment,
  `municipal_id` smallint(3) unsigned NOT NULL,
  `name` varchar(100) NOT NULL,
  PRIMARY KEY  (`place_id`)
) ENGINE=MyISAM  DEFAULT CHARSET=utf8 AUTO_INCREMENT=1850 ;

--
-- Dataark for tabell `postal_zip_places`
--

INSERT INTO `postal_zip_places` (`place_id`, `municipal_id`, `name`) VALUES
(1, 1751, 'Abelvær'),
(2, 1622, 'Agdenes'),
(3, 2004, 'Akkarfjord'),
(4, 1941, 'Akkarvik'),
(5, 822, 'Akkerhaugen'),
(6, 901, 'Akland'),
(7, 1146, 'Aksdal'),
(8, 1834, 'Aldra'),
(9, 235, 'Algarheim'),
(10, 1439, 'Almenningen'),
(11, 1868, 'Alsvåg'),
(12, 2012, 'Alta'),
(13, 438, 'Alvdal'),
(14, 1263, 'Alversund'),
(15, 1004, 'Andabeløy'),
(16, 719, 'Andebu'),
(17, 1871, 'Andenes'),
(18, 1943, 'Andsnes'),
(19, 1557, 'Angvik'),
(20, 1805, 'Ankenesstrand'),
(21, 1617, 'Ansnes'),
(22, 118, 'Aremark'),
(23, 906, 'Arendal'),
(24, 1201, 'Arnatveit'),
(25, 1224, 'Arnavik'),
(26, 425, 'Arneberg'),
(27, 1941, 'Arnøyhamn'),
(28, 1247, 'Ask'),
(29, 220, 'Asker'),
(30, 124, 'Askim'),
(31, 1428, 'Askvoll'),
(32, 1428, 'Atløy'),
(33, 430, 'Atna'),
(34, 826, 'Atrå'),
(35, 1216, 'Auklandshamn'),
(36, 1547, 'Aukra'),
(37, 616, 'Auli'),
(38, 542, 'Aurdal'),
(39, 1576, 'Aure'),
(40, 1548, 'Aureosen'),
(41, 1421, 'Aurland'),
(42, 221, 'Aurskog'),
(43, 538, 'Aust-Torpa'),
(44, 1820, 'Austbø'),
(45, 1519, 'Austefjorden'),
(46, 402, 'Austmarka'),
(47, 1103, 'Austre Åmøy'),
(48, 1264, 'Austrheim'),
(49, 418, 'Austvatn'),
(50, 1149, 'Avaldsnes'),
(51, 1554, 'Averøy'),
(52, 540, 'Bagn'),
(53, 1421, 'Bakka'),
(54, 1244, 'Bakkasund'),
(55, 1241, 'Baldersheim'),
(56, 1418, 'Balestrand'),
(57, 1854, 'Ballangen'),
(58, 1860, 'Ballstad'),
(59, 814, 'Bamble sommerrute'),
(60, 1703, 'Bangsund'),
(61, 1822, 'Bardal'),
(62, 1922, 'Bardu'),
(63, 1924, 'Bardufoss'),
(64, 1401, 'Barekstad'),
(65, 2111, 'Barentsburg'),
(66, 1868, 'Barkestad'),
(67, 704, 'Barkåker'),
(68, 1441, 'Barmen'),
(69, 1520, 'Barstadvik'),
(70, 1401, 'Batalden'),
(71, 1557, 'Batnfjordsøra'),
(72, 540, 'Begna'),
(73, 540, 'Begnadalen'),
(74, 1805, 'Beisfjord'),
(75, 544, 'Beito'),
(76, 544, 'Beitostølen'),
(77, 1702, 'Beitstad'),
(78, 219, 'Bekkestua'),
(79, 1244, 'Bekkjarvik'),
(80, 101, 'Berg i Østfold'),
(81, 1201, 'Bergen'),
(82, 711, 'Berger'),
(83, 2014, 'Bergsfjord'),
(84, 2024, 'Berlevåg'),
(85, 1632, 'Bessaker'),
(86, 220, 'Billingstad'),
(87, 1811, 'Bindalseidet'),
(88, 502, 'Biri'),
(89, 502, 'Biristrand'),
(90, 928, 'Birkeland'),
(91, 1940, 'Birtavarre'),
(92, 1915, 'Bjarkøy'),
(93, 1021, 'Bjelland'),
(94, 1832, 'Bjerka'),
(95, 1114, 'Bjerkreim'),
(96, 1805, 'Bjerkvik'),
(97, 1160, 'Bjoa'),
(98, 534, 'Bjoneroa'),
(99, 906, 'Bjorbekk'),
(100, 1416, 'Bjordal'),
(101, 512, 'Bjorli'),
(102, 1627, 'Bjugn'),
(103, 1520, 'Bjørke'),
(104, 221, 'Bjørkelangen'),
(105, 216, 'Bjørnemyr'),
(106, 2030, 'Bjørnevatn'),
(107, 2121, 'Bjørnøya'),
(108, 1246, 'Bjørøyhamn'),
(109, 226, 'Blaker'),
(110, 1449, 'Blaksæter'),
(111, 1871, 'Bleik'),
(112, 1832, 'Bleikvasslia'),
(113, 1804, 'Bliksvær'),
(114, 219, 'Blommenholm'),
(115, 1201, 'Blomsterdalen'),
(116, 228, 'Blystadlia'),
(117, 1804, 'Bodø'),
(118, 1853, 'Bogen i Ofoten'),
(119, 1848, 'Bogøy'),
(120, 1620, 'Bogøyvær'),
(121, 1145, 'Bokn'),
(122, 1837, 'Bolga'),
(123, 1235, 'Bolstadøyri'),
(124, 1502, 'Bolsøya'),
(125, 220, 'Borgen'),
(126, 105, 'Borgenhaugen'),
(127, 1422, 'Borgund'),
(128, 1003, 'Borhaug'),
(129, 1911, 'Borkenes'),
(130, 701, 'Borre'),
(131, 914, 'Borøy'),
(132, 1601, 'Bosberg'),
(133, 702, 'Botne'),
(134, 1931, 'Botnhamn'),
(135, 1517, 'Brandal'),
(136, 1219, 'Brandasund'),
(137, 534, 'Brandbu'),
(138, 1632, 'Brandsfjord'),
(139, 402, 'Brandval'),
(140, 426, 'Braskereidfoss'),
(141, 1818, 'Brasøy'),
(142, 1834, 'Bratland'),
(143, 1246, 'Brattholmen'),
(144, 1534, 'Brattvåg'),
(145, 1445, 'Breim'),
(146, 1201, 'Breistein'),
(147, 1804, 'Breivik i Salten'),
(148, 2015, 'Breivikbotn'),
(149, 1411, 'Brekke'),
(150, 1640, 'Brekkebygd'),
(151, 926, 'Brekkestø'),
(152, 1740, 'Brekkvasselv'),
(153, 1621, 'Brekstad'),
(154, 1438, 'Bremanger'),
(155, 1219, 'Bremnes'),
(156, 1017, 'Brennåsen'),
(157, 1902, 'Brensholmen'),
(158, 1865, 'Brettesnes'),
(159, 805, 'Brevik'),
(160, 1449, 'Briksdalsbre'),
(161, 1142, 'Brimse'),
(162, 1142, 'Bru'),
(163, 412, 'Brumunddal'),
(164, 1119, 'Brusand'),
(165, 1253, 'Bruvik'),
(166, 418, 'Bruvoll'),
(167, 1439, 'Bryggja'),
(168, 1121, 'Bryne'),
(169, 616, 'Brårud'),
(170, 1813, 'Brønnøysund'),
(171, 1926, 'Brøstadbotn'),
(172, 412, 'Brøttum'),
(173, 1548, 'Bud'),
(174, 1648, 'Budalen'),
(175, 2030, 'Bugøyfjord'),
(176, 2030, 'Bugøynes'),
(177, 1428, 'Bulandet'),
(178, 1943, 'Burfjord'),
(179, 1657, 'Buvika'),
(180, 502, 'Bybrua'),
(181, 938, 'Bygland'),
(182, 938, 'Byglandsfjord'),
(183, 1430, 'Bygstad'),
(184, 941, 'Bykle'),
(185, 1141, 'Byre'),
(186, 1027, 'Byremo'),
(187, 1445, 'Byrkjelo'),
(188, 1411, 'Byrknesøy'),
(189, 122, 'Båstad'),
(190, 2028, 'Båtsfjord'),
(191, 627, 'Båtstø'),
(192, 219, 'Bærum postterminal'),
(193, 219, 'Bærums Verk'),
(194, 1820, 'Bærøyvågen'),
(195, 1566, 'Bæverfjord'),
(196, 1867, 'Bø i Telemark'),
(197, 1867, 'Bø i Vesterålen'),
(198, 627, 'Bødalen'),
(199, 1566, 'Bøfjorden'),
(200, 1818, 'Bølandet'),
(201, 1219, 'Bømlo'),
(202, 237, 'Bøn'),
(203, 1201, 'Bønes'),
(204, 1657, 'Børsa'),
(205, 2020, 'Børselv'),
(206, 1860, 'Bøstad'),
(207, 529, 'Bøverbru'),
(208, 514, 'Bøverdalen'),
(209, 1260, 'Bøvågen'),
(210, 237, 'Dal'),
(211, 1429, 'Dale i Sunnfjord'),
(212, 1251, 'Dalekvam'),
(213, 833, 'Dalen'),
(214, 439, 'Dalholen'),
(215, 1243, 'Dalsbygda'),
(216, 1833, 'Dalsgrenda'),
(217, 1411, 'Dalsøyra'),
(218, 624, 'Darbu'),
(219, 1438, 'Davik'),
(220, 128, 'Degernes'),
(221, 1439, 'Deknepollen'),
(222, 1865, 'Digermulen'),
(223, 136, 'Dilling'),
(224, 1224, 'Dimmelsvik'),
(225, 1122, 'Dirdal'),
(226, 419, 'Disenå'),
(227, 538, 'Dokka'),
(228, 1617, 'Dolmøy'),
(229, 511, 'Dombås'),
(230, 511, 'Dovre'),
(231, 511, 'Dovreskogen'),
(232, 1850, 'Drag'),
(233, 602, 'Drammen'),
(234, 817, 'Drangedal'),
(235, 434, 'Drevsjø'),
(236, 1634, 'Driva'),
(237, 215, 'Drøbak'),
(238, 722, 'Duken'),
(239, 1871, 'Dverberg'),
(240, 2022, 'Dyfjord'),
(241, 1620, 'Dyrvik'),
(242, 929, 'Dølemo'),
(243, 1827, 'Dønna'),
(244, 834, 'Edland'),
(245, 1101, 'Egersund'),
(246, 621, 'Eggedal'),
(247, 1818, 'Eggesbønes'),
(248, 1657, 'Eggkleiva'),
(249, 1551, 'Eide'),
(250, 1232, 'Eidfjord'),
(251, 125, 'Eidsberg'),
(252, 1539, 'Eidsbygda'),
(253, 1524, 'Eidsdal'),
(254, 714, 'Eidsfoss'),
(255, 1251, 'Eidslandet'),
(256, 1531, 'Eidsnes'),
(257, 237, 'Eidsvoll'),
(258, 237, 'Eidsvoll Verk'),
(259, 1543, 'Eidsvåg i Romsdal'),
(260, 1201, 'Eidsvåg i Åsane'),
(261, 1201, 'Eidsvågneset'),
(262, 1511, 'Eidså'),
(263, 1263, 'Eikangervåg'),
(264, 1401, 'Eikefjord'),
(265, 1241, 'Eikelandsosen'),
(266, 1034, 'Eiken'),
(267, 1543, 'Eikesdal'),
(268, 219, 'Eiksmarka'),
(269, 1516, 'Eiksund'),
(270, 529, 'Eina'),
(271, 1411, 'Eivindvik'),
(272, 1719, 'Ekne'),
(273, 434, 'Elgå'),
(274, 1504, 'Ellingsøy'),
(275, 1548, 'Elnesvågen'),
(276, 1824, 'Elsfjord'),
(277, 1714, 'Elvarli'),
(278, 1805, 'Elvegard'),
(279, 427, 'Elverum'),
(280, 229, 'Enebakk'),
(281, 227, 'Enebakkneset'),
(282, 1845, 'Engan'),
(283, 1837, 'Engavågen'),
(284, 106, 'Engelsviken'),
(285, 1917, 'Engenes'),
(286, 536, 'Enger'),
(287, 434, 'Engerdal'),
(288, 928, 'Engesland'),
(289, 1247, 'Erdal'),
(290, 1543, 'Eresfjord'),
(291, 1134, 'Erfjord'),
(292, 417, 'Espa'),
(293, 519, 'Espedalen'),
(294, 1201, 'Espeland'),
(295, 1219, 'Espevær'),
(296, 1211, 'Etne'),
(297, 541, 'Etnedal'),
(298, 1235, 'Evanger'),
(299, 1853, 'Evenes'),
(300, 1913, 'Evenskjer'),
(301, 937, 'Evje'),
(302, 906, 'Eydehavn'),
(303, 542, 'Fagernes'),
(304, 216, 'Fagerstrand'),
(305, 536, 'Fall'),
(306, 1201, 'Fana'),
(307, 1638, 'Fannrem'),
(308, 1420, 'Fardal'),
(309, 1548, 'Farstad'),
(310, 1003, 'Farsund'),
(311, 1841, 'Fauske'),
(312, 1037, 'Feda'),
(313, 1265, 'Fedje'),
(314, 1417, 'Feios'),
(315, 237, 'Feiring'),
(316, 616, 'Fenstad'),
(317, 227, 'Fetsund'),
(318, 904, 'Fevik'),
(319, 1624, 'Fevåg'),
(320, 1149, 'Feøy'),
(321, 1102, 'Figgjo'),
(322, 1535, 'Fiksdal'),
(323, 628, 'Filtvet'),
(324, 1832, 'Finneidfjord'),
(325, 1931, 'Finnsnes'),
(326, 1219, 'Finnås'),
(327, 1141, 'Finnøy'),
(328, 1233, 'Finse'),
(329, 1017, 'Finsland'),
(330, 230, 'Finstadjordet'),
(331, 1531, 'Fiskarstrand'),
(332, 1511, 'Fiskåbygd'),
(333, 1133, 'Fister'),
(334, 1222, 'Fitjar'),
(335, 1224, 'Fjelberg'),
(336, 1246, 'Fjell'),
(337, 1852, 'Fjelldal'),
(338, 230, 'Fjellhamar'),
(339, 216, 'Fjellstrand'),
(340, 228, 'Fjerdingby'),
(341, 1931, 'Fjordgard'),
(342, 1211, 'Fjæra'),
(343, 1420, 'Fjærland'),
(344, 1534, 'Fjørtoft'),
(345, 1664, 'Flaknan'),
(346, 1928, 'Flakstadvåg'),
(347, 1201, 'Flaktveit'),
(348, 1749, 'Flatanger'),
(349, 828, 'Flatdal'),
(350, 229, 'Flateby'),
(351, 1441, 'Flatraket'),
(352, 1223, 'Flatråker'),
(353, 1601, 'Flatåsen'),
(354, 1838, 'Fleinvær'),
(355, 1429, 'Flekke'),
(356, 1004, 'Flekkefjord'),
(357, 1001, 'Flekkerøy'),
(358, 1557, 'Flemma'),
(359, 631, 'Flesberg'),
(360, 425, 'Flisa'),
(361, 1714, 'Flornes'),
(362, 1247, 'Florvåg'),
(363, 1401, 'Florø'),
(364, 536, 'Fluberg'),
(365, 615, 'Flå'),
(366, 1421, 'Flåm'),
(367, 1129, 'Fløyrli'),
(368, 1141, 'Fogn'),
(369, 1751, 'Foldereid'),
(370, 1576, 'Foldfjorden'),
(371, 1219, 'Foldrøyhamn'),
(372, 1134, 'Foldøy'),
(373, 1519, 'Folkestad'),
(374, 1724, 'Follafoss'),
(375, 439, 'Folldal'),
(376, 522, 'Follebu'),
(377, 1247, 'Follese'),
(378, 1264, 'Fonnes'),
(379, 219, 'Fornebu'),
(380, 1129, 'Forsand'),
(381, 1426, 'Fortun'),
(382, 1818, 'Fosnavåg'),
(383, 1026, 'Fossdal'),
(384, 221, 'Fosser'),
(385, 1703, 'Fosslandsosen'),
(386, 1253, 'Fotlandsvåg'),
(387, 106, 'Fredrikstad'),
(388, 1859, 'Fredvang'),
(389, 1505, 'Frei'),
(390, 1256, 'Frekhaug'),
(391, 1417, 'Fresvik'),
(392, 226, 'Frogner'),
(393, 919, 'Froland'),
(394, 919, 'Frolands Verk'),
(395, 1717, 'Frosta'),
(396, 1422, 'Frønningen'),
(397, 412, 'Furnes'),
(398, 1938, 'Furuflaten'),
(399, 1563, 'Furugrenda'),
(400, 1241, 'Fusa'),
(401, 1201, 'Fyllingsdalen'),
(402, 831, 'Fyresdal'),
(403, 501, 'Fåberg'),
(404, 520, 'Fåvang'),
(405, 906, 'Færvik'),
(406, 1432, 'Førde'),
(407, 1216, 'Førde i Hordaland'),
(408, 1146, 'Førresfjorden'),
(409, 419, 'Galterud'),
(410, 106, 'Gamle Fredrikstad'),
(411, 2023, 'Gamvik'),
(412, 227, 'Gan'),
(413, 235, 'Gardermoen'),
(414, 418, 'Gardvik'),
(415, 514, 'Garmo'),
(416, 1201, 'Garnes'),
(417, 1621, 'Garten'),
(418, 412, 'Gaupen'),
(419, 1426, 'Gaupne'),
(420, 826, 'Gaustatoppen Turisthytte'),
(421, 620, 'Geilo'),
(422, 1525, 'Geiranger'),
(423, 623, 'Geithus'),
(424, 1931, 'Gibostad'),
(425, 1653, 'Gimse'),
(426, 1865, 'Gimsøysand'),
(427, 1532, 'Giske'),
(428, 1804, 'Givær'),
(429, 1557, 'Gjemnes'),
(430, 1751, 'Gjerdinga'),
(431, 234, 'Gjerdrum'),
(432, 1514, 'Gjerdsvika'),
(433, 911, 'Gjerstad'),
(434, 1836, 'Gjersvikgrenda'),
(435, 1836, 'Gjerøy'),
(436, 2019, 'Gjesvær'),
(437, 425, 'Gjesåsen'),
(438, 219, 'Gjettum'),
(439, 914, 'Gjeving'),
(440, 1620, 'Gjæsingen'),
(441, 1638, 'Gjølme'),
(442, 1563, 'Gjøra'),
(443, 502, 'Gjøvik'),
(444, 1245, 'Glesvær'),
(445, 1837, 'Glomfjord'),
(446, 1640, 'Glåmos'),
(447, 1870, 'Godfjord'),
(448, 1201, 'Godvik'),
(449, 1532, 'Godøya'),
(450, 1223, 'Godøysund'),
(451, 617, 'Gol'),
(452, 534, 'Gran'),
(453, 402, 'Granli'),
(454, 807, 'Gransherad'),
(455, 1234, 'Granvin'),
(456, 1919, 'Gratangen'),
(457, 426, 'Gravberget'),
(458, 1860, 'Gravdal'),
(459, 938, 'Grendi'),
(460, 106, 'Gressvik'),
(461, 105, 'Greåker'),
(462, 1231, 'Grimo'),
(463, 439, 'Grimsbu'),
(464, 904, 'Grimstad'),
(465, 423, 'Grinder'),
(466, 533, 'Grindvoll'),
(467, 1742, 'Grong'),
(468, 513, 'Grotli'),
(469, 1913, 'Grovfjord'),
(470, 533, 'Grua'),
(471, 423, 'Grue Finnskog'),
(472, 1928, 'Gryllefjord'),
(473, 105, 'Grålum'),
(474, 1563, 'Grøa'),
(475, 1901, 'Grøtavær'),
(476, 1429, 'Guddal'),
(477, 1421, 'Gudvangen'),
(478, 1911, 'Gullesfjord'),
(479, 1514, 'Gursken'),
(480, 1818, 'Gurskøy'),
(481, 1755, 'Gutvik'),
(482, 822, 'Gvarv'),
(483, 1004, 'Gyland'),
(484, 519, 'Gålå'),
(485, 1653, 'Gåsbakken'),
(486, 1516, 'Haddal'),
(487, 1103, 'Hafrsfjord'),
(488, 1426, 'Hafslo'),
(489, 105, 'Hafslundsøy'),
(490, 233, 'Hagan'),
(491, 1243, 'Hagavik'),
(492, 233, 'Hakadal'),
(493, 2012, 'Hakkstabben'),
(494, 101, 'Halden'),
(495, 605, 'Hallingby'),
(496, 1837, 'Halsa'),
(497, 1571, 'Halsanaustan'),
(498, 1224, 'Halsnøy kloster'),
(499, 1644, 'Haltdalen'),
(500, 403, 'Hamar'),
(501, 1620, 'Hamarvik'),
(502, 1849, 'Hamarøy'),
(503, 2004, 'Hammerfest'),
(504, 1942, 'Hamneidet'),
(505, 1917, 'Hamnvik'),
(506, 1001, 'Hamresanden'),
(507, 432, 'Hanestad'),
(508, 1936, 'Hansnes'),
(509, 1534, 'Haramsøy'),
(510, 1811, 'Harangsfjord'),
(511, 1412, 'Hardbakke'),
(512, 1517, 'Hareid'),
(513, 533, 'Harestua'),
(514, 1742, 'Harran'),
(515, 1901, 'Harstad'),
(516, 1546, 'Harøy'),
(517, 426, 'Haslemoen'),
(518, 219, 'Haslum'),
(519, 1624, 'Hasselvika'),
(520, 2015, 'Hasvik'),
(521, 1749, 'Hasvåg'),
(522, 1224, 'Hatlestrand'),
(523, 1826, 'Hattfjelldal'),
(524, 620, 'Haugastøl'),
(525, 1111, 'Hauge i Dalane'),
(526, 1106, 'Haugesund'),
(527, 1247, 'Hauglandshella'),
(528, 1266, 'Haugsvær'),
(529, 1432, 'Haukedalen'),
(530, 1201, 'Haukeland'),
(531, 1253, 'Haus'),
(532, 1942, 'Havnnes'),
(533, 2018, 'Havøysund'),
(534, 1134, 'Hebnes'),
(535, 540, 'Hedalen'),
(536, 215, 'Heer'),
(537, 220, 'Heggedal'),
(538, 544, 'Heggenes'),
(539, 1714, 'Hegra'),
(540, 517, 'Heidal'),
(541, 1601, 'Heimdal'),
(542, 604, 'Heistadmoen'),
(543, 709, 'Helgeroa'),
(544, 1133, 'Helgøy i Ryfylke'),
(545, 1141, 'Helgøysund'),
(546, 1714, 'Hell'),
(547, 1612, 'Hellandsjøen'),
(548, 815, 'Helle'),
(549, 2004, 'Hellefjord'),
(550, 1101, 'Helleland'),
(551, 1525, 'Hellesylt'),
(552, 1259, 'Hellesøy'),
(553, 1429, 'Hellevik i Fjaler'),
(554, 1804, 'Helligvær'),
(555, 1101, 'Hellvik'),
(556, 221, 'Hemnes'),
(557, 1832, 'Hemnesberget'),
(558, 1613, 'Hemnskjela'),
(559, 618, 'Hemsedal'),
(560, 1866, 'Hennes'),
(561, 1865, 'Henningsvær'),
(562, 1633, 'Hepsøy'),
(563, 427, 'Heradsbygd'),
(564, 1227, 'Herand'),
(565, 1247, 'Herdla'),
(566, 928, 'Herefoss'),
(567, 111, 'Herføl'),
(568, 1259, 'Hernar'),
(569, 427, 'Hernes'),
(570, 814, 'Herre'),
(571, 1412, 'Hersvikbygda'),
(572, 1146, 'Hervik'),
(573, 1818, 'Herøy'),
(574, 1224, 'Herøysundet'),
(575, 2030, 'Hesseng'),
(576, 1816, 'Hesstun'),
(577, 1445, 'Hestenesøyra'),
(578, 1617, 'Hestvika'),
(579, 1247, 'Hetlevik'),
(580, 1004, 'Hidrasund'),
(581, 1534, 'Hildre'),
(582, 906, 'His'),
(583, 1617, 'Hitra'),
(584, 827, 'Hjartdal'),
(585, 1449, 'Hjelledalen'),
(586, 1201, 'Hjellestad'),
(587, 1133, 'Hjelmeland'),
(588, 1263, 'Hjelmås'),
(589, 1502, 'Hjelset'),
(590, 511, 'Hjerkinn'),
(591, 1517, 'Hjørungavåg'),
(592, 138, 'Hobøl'),
(593, 714, 'Hof'),
(594, 624, 'Hokksund'),
(595, 402, 'Hokkåsen'),
(596, 620, 'Hol'),
(597, 1852, 'Hol i Tjeldsund'),
(598, 1428, 'Holmedal'),
(599, 1241, 'Holmefjord'),
(600, 702, 'Holmestrand'),
(601, 628, 'Holmsbu'),
(602, 1443, 'Holmøyane'),
(603, 1432, 'Holsen'),
(604, 238, 'Holter'),
(605, 1002, 'Holum'),
(606, 904, 'Homborsund'),
(607, 1813, 'Hommelstø'),
(608, 1663, 'Hommelvik'),
(609, 1102, 'Hommersåk'),
(610, 2019, 'Honningsvåg'),
(611, 2211, 'Hopen'),
(612, 1449, 'Hopland'),
(613, 1201, 'Hordvik'),
(614, 1444, 'Hornindal'),
(615, 937, 'Hornnes'),
(616, 701, 'Horten'),
(617, 219, 'Hosle'),
(618, 1266, 'Hosteland'),
(619, 536, 'Hov'),
(620, 1520, 'Hovdebygda'),
(621, 941, 'Hovden i Setesdal'),
(622, 620, 'Hovet'),
(623, 1653, 'Hovin i Gauldal'),
(624, 826, 'Hovin i Telemark'),
(625, 1231, 'Hovland'),
(626, 1112, 'Hovsherad'),
(627, 1221, 'Huglo'),
(628, 1528, 'Hundeidvik'),
(629, 1663, 'Hundhamaren'),
(630, 1103, 'Hundvåg'),
(631, 502, 'Hunndalen'),
(632, 239, 'Hurdal'),
(633, 1828, 'Husby'),
(634, 1624, 'Husbysjøen'),
(635, 1439, 'Husevåg'),
(636, 1224, 'Husnes'),
(637, 1548, 'Hustad'),
(638, 1824, 'Husvika'),
(639, 1931, 'Husøy i Senja'),
(640, 722, 'Husøysund'),
(641, 220, 'Hvalstad'),
(642, 616, 'Hvam'),
(643, 723, 'Hvasser'),
(644, 211, 'Hvitsten'),
(645, 604, 'Hvittingfoss'),
(646, 1445, 'Hyen'),
(647, 627, 'Hyggen'),
(648, 1201, 'Hylkje'),
(649, 1413, 'Hyllestad'),
(650, 919, 'Hynnekleiv'),
(651, 1149, 'Håvik'),
(652, 1014, 'Hægeland'),
(653, 125, 'Hærland'),
(654, 211, 'Hølen'),
(655, 605, 'Hønefoss'),
(656, 219, 'Høvik'),
(657, 517, 'Høvringen'),
(658, 926, 'Høvåg'),
(659, 1416, 'Høyanger'),
(660, 833, 'Høydalsmo'),
(661, 1426, 'Høyheimsvik'),
(662, 1743, 'Høylandet'),
(663, 1224, 'Høylandsbygd'),
(664, 1130, 'Idse'),
(665, 1528, 'Ikornnes'),
(666, 417, 'Ilseng'),
(667, 1729, 'Inderøy'),
(668, 1201, 'Indre Arna'),
(669, 2020, 'Indre Billefjord'),
(670, 1834, 'Indre Kvarøy'),
(671, 1751, 'Indre Nærøy'),
(672, 403, 'Ingeberg'),
(673, 2018, 'Ingøy'),
(674, 1838, 'Inndyr'),
(675, 1539, 'Innfjorden'),
(676, 1849, 'Innhavet'),
(677, 1449, 'Innvik'),
(678, 1263, 'Isdalstø'),
(679, 105, 'Ise'),
(680, 1539, 'Isfjorden'),
(681, 935, 'Iveland'),
(682, 1601, 'Jakobsli'),
(683, 2131, 'Jan Mayen'),
(684, 219, 'Jar'),
(685, 534, 'Jaren'),
(686, 1836, 'Jektvik'),
(687, 1134, 'Jelsa'),
(688, 1636, 'Jerpstad'),
(689, 235, 'Jessheim'),
(690, 532, 'Jevnaker'),
(691, 815, 'Jomfruland'),
(692, 1227, 'Jondal'),
(693, 1601, 'Jonsvatnet'),
(694, 428, 'Jordet'),
(695, 1426, 'Jostedal'),
(696, 1748, 'Jøa'),
(697, 1943, 'Jøkelfjord'),
(698, 427, 'Jømna'),
(699, 1130, 'Jørpeland'),
(700, 1133, 'Jøsenfjorden'),
(701, 1902, 'Jøvik'),
(702, 1865, 'Kabelvåg'),
(703, 1201, 'Kalandseidet'),
(704, 1928, 'Kaldfarnes'),
(705, 1438, 'Kalvåg'),
(706, 628, 'Kana'),
(707, 528, 'Kapp'),
(708, 2021, 'Karasjok'),
(709, 1001, 'Kardemomme By'),
(710, 1924, 'Karlstad'),
(711, 1936, 'Karlsøy'),
(712, 1149, 'Karmsund'),
(713, 1601, 'Kattem'),
(714, 1420, 'Kaupanger'),
(715, 2011, 'Kautokeino'),
(716, 2002, 'Kiberg'),
(717, 1401, 'Kinn'),
(718, 1231, 'Kinsarvik'),
(719, 2030, 'Kirkenes'),
(720, 423, 'Kirkenær'),
(721, 1854, 'Kjeldebotn'),
(722, 231, 'Kjeller'),
(723, 1247, 'Kjerrgarden'),
(724, 1804, 'Kjerringøy'),
(725, 1534, 'Kjerstad'),
(726, 1001, 'Kjevik'),
(727, 2022, 'Kjøllefjord'),
(728, 1443, 'Kjølsdalen'),
(729, 722, 'Kjøpmannskjær'),
(730, 1850, 'Kjøpsvik'),
(731, 1576, 'Kjørsvikbugen'),
(732, 1901, 'Kjøtta'),
(733, 105, 'Klavestadhaugen'),
(734, 1502, 'Kleive'),
(735, 1120, 'Klepp Stasjon'),
(736, 1120, 'Kleppe'),
(737, 1247, 'Kleppestø'),
(738, 1865, 'Kleppstad'),
(739, 628, 'Klokkarstua'),
(740, 1245, 'Klokkarvik'),
(741, 1662, 'Klæbu'),
(742, 235, 'Kløfta'),
(743, 418, 'Knapper'),
(744, 138, 'Knapstad'),
(745, 1246, 'Knarrevik'),
(746, 1617, 'Knarrlagsund'),
(747, 719, 'Kodal'),
(748, 2017, 'Kokelv'),
(749, 1201, 'Kokstad'),
(750, 1244, 'Kolbeinsvik'),
(751, 906, 'Kolbjørnsvik'),
(752, 217, 'Kolbotn'),
(753, 528, 'Kolbu'),
(754, 1412, 'Kolgrov'),
(755, 1027, 'Kollungtveit'),
(756, 1149, 'Kolnes'),
(757, 219, 'Kolsås'),
(758, 1751, 'Kolvereid'),
(759, 604, 'Kongsberg'),
(760, 2024, 'Kongsfjord'),
(761, 906, 'Kongshavn'),
(762, 2012, 'Kongshus'),
(763, 1743, 'Kongsmoen'),
(764, 1852, 'Kongsvik'),
(765, 402, 'Kongsvinger'),
(766, 1027, 'Konsmo'),
(767, 1834, 'Konsvikosen'),
(768, 1827, 'Kopardal'),
(769, 1149, 'Kopervik'),
(770, 430, 'Koppang'),
(771, 1711, 'Kopperå'),
(772, 1832, 'Korgen'),
(773, 101, 'Kornsjø'),
(774, 2012, 'Korsfjorden'),
(775, 1032, 'Korshamn'),
(776, 1429, 'Korssund'),
(777, 1653, 'Korsvegen'),
(778, 1502, 'Kortgarden'),
(779, 815, 'Kragerø'),
(780, 815, 'Kragerø skjærgårdsrute'),
(781, 1412, 'Krakhella'),
(782, 1001, 'Kristiansand S'),
(783, 1505, 'Kristiansund N'),
(784, 1902, 'Krokelvdalen'),
(785, 612, 'Krokkleiva'),
(786, 625, 'Krokstadelva'),
(787, 106, 'Kråkerøy'),
(788, 1917, 'Kråkrøhamn'),
(789, 213, 'Kråkstad'),
(790, 1621, 'Kråkvåg'),
(791, 622, 'Krøderen'),
(792, 2022, 'Kunes'),
(793, 219, 'Kunstsentret Høvikodden'),
(794, 1149, 'Kvalavåg'),
(795, 2012, 'Kvalfjord'),
(796, 2017, 'Kvalsund'),
(797, 1902, 'Kvaløysletta'),
(798, 516, 'Kvam'),
(799, 1428, 'Kvammen'),
(800, 1514, 'Kvamsøy'),
(801, 1566, 'Kvanne'),
(802, 709, 'Kvelde'),
(803, 1617, 'Kvenvær'),
(804, 1121, 'Kvernaland'),
(805, 1620, 'Kverva'),
(806, 2012, 'Kviby'),
(807, 437, 'Kvikne'),
(808, 1037, 'Kvinesdal'),
(809, 1037, 'Kvinlog'),
(810, 1560, 'Kvisvik'),
(811, 829, 'Kviteseid'),
(812, 1866, 'Kvitnes'),
(813, 1144, 'Kvitsøy'),
(814, 1653, 'Kvål'),
(815, 1032, 'Kvås'),
(816, 1943, 'Kvænangsfjellet'),
(817, 1416, 'Kyrkjebø'),
(818, 1612, 'Kyrksæterøra'),
(819, 1227, 'Kysnesstrand'),
(820, 1246, 'Kystbasen Ågotnes'),
(821, 2004, 'Kårhamn'),
(822, 1902, 'Kårvik'),
(823, 2020, 'Lakselv'),
(824, 1201, 'Laksevåg'),
(825, 1933, 'Laksvatn'),
(826, 515, 'Lalm'),
(827, 631, 'Lampeland'),
(828, 1804, 'Landegode'),
(829, 536, 'Landåsbygda'),
(830, 805, 'Langangen'),
(831, 814, 'Langesund'),
(832, 1531, 'Langevåg'),
(833, 2012, 'Langfjordbotn'),
(834, 2014, 'Langfjordhamn'),
(835, 2023, 'Langfjordnes'),
(836, 213, 'Langhus'),
(837, 136, 'Larkollen'),
(838, 1514, 'Larsnes'),
(839, 709, 'Larvik'),
(840, 1941, 'Lauksletta'),
(841, 1865, 'Laukvik'),
(842, 1865, 'Laupstad'),
(843, 1519, 'Lauvstad'),
(844, 1416, 'Lavik'),
(845, 2022, 'Lebesby'),
(846, 1419, 'Leikanger'),
(847, 1848, 'Leines'),
(848, 1848, 'Leinesfjord'),
(849, 1601, 'Leinstrand'),
(850, 1818, 'Leinøy'),
(851, 542, 'Leira i Valdres'),
(852, 1822, 'Leirfjord'),
(853, 231, 'Leirsund'),
(854, 1413, 'Leirvik i Sogn'),
(855, 1755, 'Leka'),
(856, 1860, 'Leknes'),
(857, 1622, 'Leksa'),
(858, 1718, 'Leksvik'),
(859, 528, 'Lena'),
(860, 1622, 'Lensvik'),
(861, 1243, 'Lepsøy'),
(862, 1653, 'Ler'),
(863, 512, 'Lesja'),
(864, 512, 'Lesjaskog'),
(865, 512, 'Lesjaverk'),
(866, 1576, 'Lesund'),
(867, 1719, 'Levanger'),
(868, 1525, 'Liabygda'),
(869, 626, 'Lier'),
(870, 626, 'Lierskogen'),
(871, 626, 'Lierstranda'),
(872, 1853, 'Liland'),
(873, 501, 'Lillehammer'),
(874, 926, 'Lillesand'),
(875, 231, 'Lillestrøm'),
(876, 1739, 'Limingen'),
(877, 1029, 'Lindesnes'),
(878, 1263, 'Lindås'),
(879, 1630, 'Linesøya'),
(880, 412, 'Lismarka'),
(881, 1244, 'Litlakalsøy'),
(882, 428, 'Ljørdalen'),
(883, 1201, 'Loddefjord'),
(884, 1449, 'Loen'),
(885, 1231, 'Lofthus'),
(886, 514, 'Lom'),
(887, 543, 'Lomen'),
(888, 219, 'Lommedalen'),
(889, 1253, 'Lonevåg'),
(890, 1534, 'Longva'),
(891, 2111, 'Longyearbyen'),
(892, 1866, 'Lonkan'),
(893, 2014, 'Loppa'),
(894, 512, 'Lora'),
(895, 1443, 'Lote'),
(896, 1834, 'Lovund'),
(897, 1751, 'Lund'),
(898, 1653, 'Lundamo'),
(899, 819, 'Lunde'),
(900, 1223, 'Lundegrend'),
(901, 1901, 'Lundenes'),
(902, 402, 'Lundersæter'),
(903, 533, 'Lunner'),
(904, 1834, 'Lurøy'),
(905, 1426, 'Luster'),
(906, 1032, 'Lyngdal'),
(907, 631, 'Lyngdal i Numedal'),
(908, 1938, 'Lyngseidet'),
(909, 1551, 'Lyngstad'),
(910, 914, 'Lyngør'),
(911, 219, 'Lysaker'),
(912, 1129, 'Lysebotn'),
(913, 1243, 'Lysekloster'),
(914, 1627, 'Lysøysundet'),
(915, 1422, 'Lærdal'),
(916, 1851, 'Lødingen'),
(917, 1224, 'Løfallstrand'),
(918, 221, 'Løken'),
(919, 1636, 'Løkken Verk'),
(920, 1634, 'Lønset'),
(921, 230, 'Lørenskog'),
(922, 415, 'Løten'),
(923, 228, 'Løvenstad'),
(924, 420, 'Magnor'),
(925, 1933, 'Malangseidet'),
(926, 1724, 'Malm'),
(927, 1548, 'Malmefjorden'),
(928, 1663, 'Malvik'),
(929, 1002, 'Mandal'),
(930, 1260, 'Manger'),
(931, 106, 'Manstad'),
(932, 1426, 'Marifjøra'),
(933, 1719, 'Markabygda'),
(934, 1211, 'Markhus'),
(935, 1021, 'Marnardal'),
(936, 1266, 'Masfjordnes'),
(937, 1201, 'Mathopen'),
(938, 420, 'Matrand'),
(939, 1224, 'Matre'),
(940, 1266, 'Matredal'),
(941, 238, 'Maura'),
(942, 1224, 'Mauranger'),
(943, 1531, 'Mauseidvåg'),
(944, 1620, 'Mausund'),
(945, 2011, 'Maze'),
(946, 2023, 'Mehamn'),
(947, 1560, 'Meisingset'),
(948, 1933, 'Meistervik'),
(949, 1617, 'Melandsjø'),
(950, 1866, 'Melbu'),
(951, 1636, 'Meldal'),
(952, 1836, 'Melfjordbotn'),
(953, 1653, 'Melhus'),
(954, 720, 'Melsomvik'),
(955, 1837, 'Meløy'),
(956, 1915, 'Meløyvær'),
(957, 1711, 'Meråker'),
(958, 412, 'Mesnali'),
(959, 1545, 'Midsund'),
(960, 826, 'Miland'),
(961, 237, 'Minnesund'),
(962, 1246, 'Misje'),
(963, 1804, 'Misvær'),
(964, 1539, 'Mittet'),
(965, 1576, 'Mjosundet'),
(966, 919, 'Mjåvatn'),
(967, 1201, 'Mjølkeråen'),
(968, 1902, 'Mjølvik'),
(969, 1411, 'Mjømna'),
(970, 625, 'Mjøndalen'),
(971, 1833, 'Mo i Rana'),
(972, 1252, 'Modalen'),
(973, 412, 'Moelv'),
(974, 1924, 'Moen'),
(975, 235, 'Mogreina'),
(976, 1112, 'Moi'),
(977, 1502, 'Molde'),
(978, 1839, 'Moldjord'),
(979, 1818, 'Moltustranda'),
(980, 1263, 'Mongstad'),
(981, 829, 'Morgedal'),
(982, 420, 'Morokulien'),
(983, 1933, 'Mortenhals'),
(984, 1201, 'Morvik'),
(985, 1001, 'Mosby'),
(986, 1824, 'Mosjøen'),
(987, 104, 'Moss'),
(988, 1219, 'Mosterhamn'),
(989, 1142, 'Mosterøy'),
(990, 1723, 'Mosvik'),
(991, 1850, 'Musken'),
(992, 1836, 'Myken'),
(993, 1263, 'Myking'),
(994, 919, 'Mykland'),
(995, 1546, 'Myklebost'),
(996, 1852, 'Myklebostad'),
(997, 1421, 'Myrdal'),
(998, 1868, 'Myre'),
(999, 1866, 'Myrland'),
(1000, 125, 'Mysen'),
(1001, 517, 'Mysusæter'),
(1002, 1439, 'Måløy'),
(1003, 1539, 'Måndalen'),
(1004, 2018, 'Måsøy'),
(1005, 1244, 'Møkster'),
(1006, 1845, 'Mørsvikbotn'),
(1007, 1725, 'Namdalseid'),
(1008, 423, 'Namnå'),
(1009, 1703, 'Namsos'),
(1010, 1740, 'Namsskogan'),
(1011, 238, 'Nannestad'),
(1012, 1859, 'Napp'),
(1013, 1805, 'Narvik'),
(1014, 1751, 'Naustbukta'),
(1015, 1433, 'Naustdal'),
(1016, 906, 'Nedenes'),
(1017, 111, 'Nedgården'),
(1018, 621, 'Nedre Eggedal'),
(1019, 517, 'Nedre Heidal'),
(1020, 1160, 'Nedre Vats'),
(1021, 1146, 'Nedstrand'),
(1022, 2030, 'Neiden'),
(1023, 929, 'Nelaug'),
(1024, 1818, 'Nerlandsøy'),
(1025, 2023, 'Nervei'),
(1026, 605, 'Nes i Ådal'),
(1027, 412, 'Nes på Hedmark'),
(1028, 220, 'Nesbru'),
(1029, 616, 'Nesbyen'),
(1030, 1134, 'Nesflaten'),
(1031, 914, 'Nesgrenda'),
(1032, 817, 'Neslandsvatn'),
(1033, 1828, 'Nesna'),
(1034, 216, 'Nesoddtangen'),
(1035, 1201, 'Nesttun'),
(1036, 220, 'Nesøya'),
(1037, 1837, 'Neverdal'),
(1038, 1850, 'Nevervik'),
(1039, 709, 'Nevlunghamn'),
(1040, 1941, 'Nikkeby'),
(1041, 830, 'Nissedal'),
(1042, 233, 'Nittedal'),
(1043, 1017, 'Nodeland'),
(1044, 1520, 'Norangsfjorden'),
(1045, 1141, 'Nord-Hidle'),
(1046, 1938, 'Nord-Lenangen'),
(1047, 1834, 'Nord-Solvær'),
(1048, 1725, 'Nord-Statland'),
(1049, 538, 'Nord-Torpa'),
(1050, 822, 'Nordagutu'),
(1051, 1838, 'Nordarnøy'),
(1052, 513, 'Nordberg'),
(1053, 228, 'Nordby'),
(1054, 230, 'Nordbyhagen'),
(1055, 1524, 'Norddal'),
(1056, 1620, 'Norddyrøy'),
(1057, 1443, 'Nordfjordeid'),
(1058, 1848, 'Nordfold'),
(1059, 2019, 'Nordkapp'),
(1060, 235, 'Nordkisa'),
(1061, 1933, 'Nordkjosbotn'),
(1062, 1738, 'Nordli'),
(1063, 2022, 'Nordmannset i Laksefjord'),
(1064, 1871, 'Nordmela'),
(1065, 1836, 'Nordnesøy'),
(1066, 215, 'Nordre Frogn'),
(1067, 2004, 'Nordre Seiland'),
(1068, 528, 'Nordre Toten'),
(1069, 1243, 'Nordstrøno'),
(1070, 1241, 'Nordtveitgrend'),
(1071, 1836, 'Nordvernes'),
(1072, 2019, 'Nordvågen'),
(1073, 633, 'Nore'),
(1074, 622, 'Noresund'),
(1075, 1238, 'Norheimsund'),
(1076, 807, 'Notodden'),
(1077, 2014, 'Nuvsvåg'),
(1078, 2111, 'Ny-Ålesund'),
(1079, 428, 'Nybergsund'),
(1080, 1201, 'Nyborg'),
(1081, 1838, 'Nygårdsjøen'),
(1082, 701, 'Nykirke'),
(1083, 1231, 'Nå'),
(1084, 1119, 'Nærbø'),
(1085, 412, 'Næroset'),
(1086, 627, 'Nærsnes'),
(1087, 1871, 'Nøss'),
(1088, 722, 'Nøtterøy'),
(1089, 1228, 'Odda'),
(1090, 536, 'Odnes'),
(1091, 1627, 'Oksvoll'),
(1092, 1449, 'Oldedalen'),
(1093, 1449, 'Olden'),
(1094, 1940, 'Olderdalen'),
(1095, 1902, 'Oldervik'),
(1096, 1201, 'Olsvik'),
(1097, 1122, 'Oltedal'),
(1098, 1238, 'Omastrand'),
(1099, 1141, 'Ombo'),
(1100, 1546, 'Ona'),
(1101, 1223, 'Onarheim'),
(1102, 616, 'Oppaker'),
(1103, 1634, 'Oppdal'),
(1104, 217, 'Oppegård'),
(1105, 1621, 'Opphaug'),
(1106, 1749, 'Oppland'),
(1107, 1449, 'Oppstryn'),
(1108, 1638, 'Orkanger'),
(1109, 1426, 'Ornes'),
(1110, 1120, 'Orre'),
(1111, 1546, 'Orten'),
(1112, 1243, 'Os'),
(1113, 1243, 'Os i Østerdalen'),
(1114, 215, 'Oscarsborg'),
(1115, 429, 'Osen'),
(1116, 301, 'Oslo'),
(1117, 1557, 'Osmarka'),
(1118, 1263, 'Ostereidet'),
(1119, 1939, 'Oteren'),
(1120, 517, 'Otta'),
(1121, 119, 'Otteid'),
(1122, 1751, 'Ottersøy'),
(1123, 417, 'Ottestad'),
(1124, 1744, 'Overhalla'),
(1125, 1201, 'Paradis'),
(1126, 604, 'Passebekk'),
(1127, 428, 'Plassen'),
(1128, 1833, 'Polarsirkelen'),
(1129, 2020, 'Porsangmoen'),
(1130, 805, 'Porsgrunn'),
(1131, 621, 'Prestfoss'),
(1132, 128, 'Rakkestad'),
(1133, 1859, 'Ramberg'),
(1134, 1902, 'Ramfjordbotn'),
(1135, 716, 'Ramnes'),
(1136, 1852, 'Ramsund'),
(1137, 1127, 'Randaberg'),
(1138, 1601, 'Ranheim'),
(1139, 230, 'Rasta'),
(1140, 1439, 'Raudeberg'),
(1141, 1543, 'Raudsand'),
(1142, 529, 'Raufoss'),
(1143, 834, 'Rauland'),
(1144, 1936, 'Rebbenes'),
(1145, 1874, 'Reine'),
(1146, 1943, 'Reinfjord'),
(1147, 540, 'Reinli'),
(1148, 529, 'Reinsvoll'),
(1149, 1837, 'Reipå'),
(1150, 626, 'Reistad'),
(1151, 1535, 'Rekdal'),
(1152, 1223, 'Reksteren'),
(1153, 429, 'Rena'),
(1154, 432, 'Rendalen'),
(1155, 1635, 'Rennebu'),
(1156, 1142, 'Rennesøy'),
(1157, 2019, 'Repvåg'),
(1158, 716, 'Revetal'),
(1159, 1630, 'Revsnes'),
(1160, 2017, 'Revsneshamn'),
(1161, 403, 'Ridabu'),
(1162, 1567, 'Rindal'),
(1163, 1567, 'Rindalsskogen'),
(1164, 520, 'Ringebu'),
(1165, 919, 'Risdal'),
(1166, 1624, 'Rissa'),
(1167, 901, 'Risør'),
(1168, 1871, 'Risøyhamn'),
(1169, 826, 'Rjukan'),
(1170, 533, 'Roa'),
(1171, 1632, 'Roan'),
(1172, 1401, 'Rognaldsvåg'),
(1173, 1840, 'Rognan'),
(1174, 544, 'Rogne'),
(1175, 1648, 'Rognes'),
(1176, 632, 'Rollag'),
(1177, 106, 'Rolvsøy'),
(1178, 417, 'Romedal'),
(1179, 1259, 'Rong'),
(1180, 1719, 'Ronglan'),
(1181, 1224, 'Rosendal'),
(1182, 1931, 'Rossfjordstraumen'),
(1183, 1256, 'Rossland'),
(1184, 1942, 'Rotsund'),
(1185, 1511, 'Rovde'),
(1186, 402, 'Roverud'),
(1187, 1219, 'Rubbestadneset'),
(1188, 219, 'Rud'),
(1189, 412, 'Rudshøgda'),
(1190, 1438, 'Rugsund'),
(1191, 1818, 'Runde'),
(1192, 1924, 'Rundhaug'),
(1193, 2020, 'Russenes'),
(1194, 545, 'Ryfoss'),
(1195, 136, 'Rygge'),
(1196, 136, 'Rygge flystasjon'),
(1197, 906, 'Rykene'),
(1198, 219, 'Rykkinn'),
(1199, 2004, 'Rypefjord'),
(1200, 940, 'Rysstad'),
(1201, 1201, 'Rådal'),
(1202, 135, 'Råde'),
(1203, 237, 'Råholt'),
(1204, 1624, 'Råkvåg'),
(1205, 226, 'Rånåsfoss'),
(1206, 1124, 'Ræge'),
(1207, 228, 'Rælingen'),
(1208, 633, 'Rødberg'),
(1209, 1836, 'Rødøy'),
(1210, 1840, 'Røkland'),
(1211, 1228, 'Røldal'),
(1212, 121, 'Rømskog'),
(1213, 543, 'Røn'),
(1214, 1640, 'Røros'),
(1215, 1750, 'Rørvik'),
(1216, 1856, 'Røst'),
(1217, 1845, 'Røsvik'),
(1218, 1106, 'Røvær'),
(1219, 627, 'Røyken'),
(1220, 1149, 'Røyksund'),
(1221, 1124, 'Røyneberg'),
(1222, 612, 'Røyse'),
(1223, 418, 'Sagstua'),
(1224, 1221, 'Sagvåg'),
(1225, 1201, 'Salhus'),
(1226, 1751, 'Salsbruket'),
(1227, 1748, 'Salsnes'),
(1228, 135, 'Saltnes'),
(1229, 906, 'Saltrød'),
(1230, 1804, 'Saltstraumen'),
(1231, 1940, 'Samuelsberg'),
(1232, 1134, 'Sand'),
(1233, 1445, 'Sandane'),
(1234, 1430, 'Sande i Sunnfjord'),
(1235, 1514, 'Sande i Vestfold'),
(1236, 706, 'Sandefjord'),
(1237, 1160, 'Sandeid'),
(1238, 419, 'Sander'),
(1239, 1838, 'Sandhornøy'),
(1240, 2014, 'Sandland'),
(1241, 1102, 'Sandnes'),
(1242, 1820, 'Sandnessjøen'),
(1243, 1868, 'Sandset'),
(1244, 1514, 'Sandshamn'),
(1245, 1201, 'Sandsli'),
(1246, 1617, 'Sandstad'),
(1247, 1915, 'Sandsøy'),
(1248, 1901, 'Sandtorg'),
(1249, 1149, 'Sandve'),
(1250, 219, 'Sandvika'),
(1251, 1224, 'Sandvoll'),
(1252, 1818, 'Sandvær'),
(1253, 1546, 'Sandøy'),
(1254, 2004, 'Sandøybotn'),
(1255, 815, 'Sannidal'),
(1256, 105, 'Sarpsborg'),
(1257, 1135, 'Sauda'),
(1258, 1135, 'Saudasjøen'),
(1259, 827, 'Sauland'),
(1260, 1601, 'Saupstad'),
(1261, 1828, 'Saura'),
(1262, 1620, 'Sauøy'),
(1263, 1943, 'Seglvik'),
(1264, 1263, 'Seim'),
(1265, 1224, 'Seimsfoss'),
(1266, 1502, 'Sekken'),
(1267, 517, 'Sel'),
(1268, 1664, 'Selbu'),
(1269, 1664, 'Selbustrand'),
(1270, 1441, 'Selje'),
(1271, 828, 'Seljord'),
(1272, 106, 'Sellebakk'),
(1273, 1836, 'Selsøyvik'),
(1274, 1835, 'Selvær'),
(1275, 929, 'Selåsvatn'),
(1276, 704, 'Sem'),
(1277, 1929, 'Senjahopen'),
(1278, 1860, 'Sennesvik'),
(1279, 235, 'Sessvollmoen'),
(1280, 221, 'Setskog'),
(1281, 213, 'Siggerud'),
(1282, 1439, 'Silda'),
(1283, 811, 'Siljan'),
(1284, 1931, 'Silsand'),
(1285, 1648, 'Singsås'),
(1286, 1004, 'Sira'),
(1287, 1119, 'Sirevåg'),
(1288, 2025, 'Sirma'),
(1289, 1620, 'Sistranda'),
(1290, 1141, 'Sjernarøy'),
(1291, 1601, 'Sjetnemarka'),
(1292, 1902, 'Sjursnes'),
(1293, 412, 'Sjusjøen'),
(1294, 1923, 'Sjøvegan'),
(1295, 1744, 'Skage i Namdalen'),
(1296, 1929, 'Skaland'),
(1297, 722, 'Skallestad'),
(1298, 544, 'Skammestein'),
(1299, 1228, 'Skare'),
(1300, 419, 'Skarnes'),
(1301, 2019, 'Skarsvåg'),
(1302, 1141, 'Skartveit'),
(1303, 1438, 'Skatestraumen'),
(1304, 1714, 'Skatval'),
(1305, 1927, 'Skatvik'),
(1306, 1657, 'Skaun'),
(1307, 2014, 'Skavnakk'),
(1308, 231, 'Skedsmokorset'),
(1309, 1431, 'Skei i Jølster'),
(1310, 213, 'Ski'),
(1311, 1939, 'Skibotn'),
(1312, 806, 'Skien'),
(1313, 1133, 'Skiftun'),
(1314, 1430, 'Skilbrei'),
(1315, 215, 'Skiphelle'),
(1316, 127, 'Skiptvet'),
(1317, 105, 'Skjeberg'),
(1318, 1804, 'Skjerstad'),
(1319, 1941, 'Skjervøy'),
(1320, 231, 'Skjetten'),
(1321, 1160, 'Skjold'),
(1322, 1146, 'Skjoldastraumen'),
(1323, 1426, 'Skjolden'),
(1324, 513, 'Skjåk'),
(1325, 2023, 'Skjånes'),
(1326, 111, 'Skjærhalden'),
(1327, 1529, 'Skodje'),
(1328, 2020, 'Skoganvarre'),
(1329, 616, 'Skogbygda'),
(1330, 1719, 'Skogn'),
(1331, 1245, 'Skogsvåg'),
(1332, 604, 'Skollenborg'),
(1333, 1833, 'Skonseng'),
(1334, 701, 'Skoppum'),
(1335, 1740, 'Skorovatn'),
(1336, 1243, 'Skorpo Ferieheim'),
(1337, 213, 'Skotbu'),
(1338, 624, 'Skotselv'),
(1339, 420, 'Skotterud'),
(1340, 542, 'Skrautvål'),
(1341, 528, 'Skreia'),
(1342, 1865, 'Skrova'),
(1343, 1149, 'Skudeneshavn'),
(1344, 219, 'Skui'),
(1345, 1235, 'Skulestadmo'),
(1346, 1902, 'Skulsfjord'),
(1347, 1849, 'Skutvik'),
(1348, 233, 'Skytta'),
(1349, 516, 'Skåbu'),
(1350, 1502, 'Skåla'),
(1351, 1211, 'Skånevik'),
(1352, 815, 'Skåtøy'),
(1353, 233, 'Slattum'),
(1354, 627, 'Slemmestad'),
(1355, 1834, 'Sleneset'),
(1356, 219, 'Slependen'),
(1357, 1260, 'Sletta'),
(1358, 428, 'Slettås'),
(1359, 543, 'Slidre'),
(1360, 1420, 'Slinde'),
(1361, 125, 'Slitu'),
(1362, 419, 'Slåstad'),
(1363, 1573, 'Smøla'),
(1364, 1034, 'Snartemo'),
(1365, 623, 'Snarum'),
(1366, 219, 'Snarøya'),
(1367, 2018, 'Snefjord'),
(1368, 502, 'Snertingdal'),
(1369, 1613, 'Snillfjord'),
(1370, 1224, 'Snilstveitøy'),
(1371, 1736, 'Snåsa'),
(1372, 217, 'Sofiemyr'),
(1373, 1420, 'Sogndal'),
(1374, 605, 'Sokna'),
(1375, 1648, 'Soknedal'),
(1376, 1124, 'Sola'),
(1377, 625, 'Solbergelva'),
(1378, 625, 'Solbergmoen'),
(1379, 430, 'Sollia'),
(1380, 612, 'Sollihøgda'),
(1381, 621, 'Solumsmoen'),
(1382, 1426, 'Solvorn'),
(1383, 1902, 'Sommarøy'),
(1384, 211, 'Son'),
(1385, 914, 'Songe'),
(1386, 1129, 'Songesand'),
(1387, 1870, 'Sortland'),
(1388, 1029, 'Spangereid'),
(1389, 1702, 'Sparbu'),
(1390, 426, 'Sperrebotn'),
(1391, 627, 'Spikkestad'),
(1392, 1943, 'Spildra'),
(1393, 1703, 'Spillum'),
(1394, 1601, 'Spongdal'),
(1395, 101, 'Sponvika'),
(1396, 123, 'Spydeberg'),
(1397, 815, 'Stabbestad'),
(1398, 219, 'Stabekk'),
(1399, 1441, 'Stadlandet'),
(1400, 1624, 'Stadsbygd'),
(1401, 1936, 'Stakkvik'),
(1402, 1235, 'Stalheim'),
(1403, 1251, 'Stamnes'),
(1404, 1860, 'Stamsund'),
(1405, 417, 'Stange'),
(1406, 1251, 'Stanghelle'),
(1407, 1566, 'Stangvik'),
(1408, 814, 'Stathelle'),
(1409, 906, 'Staubø'),
(1410, 1401, 'Stavang'),
(1411, 1103, 'Stavanger'),
(1412, 1124, 'Stavanger Lufthavn'),
(1413, 709, 'Stavern'),
(1414, 412, 'Stavsjø'),
(1415, 625, 'Steinberg'),
(1416, 1702, 'Steinkjer'),
(1417, 1633, 'Steinsdalen'),
(1418, 728, 'Steinsholt'),
(1419, 1245, 'Steinsland'),
(1420, 1238, 'Steinstø'),
(1421, 1721, 'Stiklestad'),
(1422, 1714, 'Stjørdal'),
(1423, 720, 'Stokke'),
(1424, 1834, 'Stokkvågen'),
(1425, 1630, 'Stokkøy'),
(1426, 1866, 'Stokmarknes'),
(1427, 1149, 'Stol'),
(1428, 1244, 'Stolmen'),
(1429, 1428, 'Stongfjorden'),
(1430, 1927, 'Stonglandseidet'),
(1431, 1221, 'Stord'),
(1432, 1526, 'Stordal'),
(1433, 1244, 'Storebø'),
(1434, 1534, 'Storekalvøy'),
(1435, 1865, 'Storemolla'),
(1436, 1520, 'Storestandal'),
(1437, 1865, 'Storfjell'),
(1438, 1833, 'Storforshei'),
(1439, 1621, 'Storfosna'),
(1440, 1850, 'Storjord i Tysfjord'),
(1441, 1836, 'Storselsøy'),
(1442, 1942, 'Storslett'),
(1443, 1933, 'Storsteinnes'),
(1444, 1838, 'Storvik'),
(1445, 1850, 'Storå'),
(1446, 1636, 'Storås'),
(1447, 1525, 'Stranda'),
(1448, 1238, 'Strandebarm'),
(1449, 1241, 'Strandvik'),
(1450, 1246, 'Straume'),
(1451, 1845, 'Straumen'),
(1452, 1528, 'Straumgjerde'),
(1453, 1902, 'Straumsbukta'),
(1454, 1201, 'Straumsgrend'),
(1455, 1867, 'Straumsjøen'),
(1456, 1429, 'Straumsnes'),
(1457, 1247, 'Strusshamn'),
(1458, 1449, 'Stryn'),
(1459, 231, 'Strømmen'),
(1460, 1866, 'Strønstad'),
(1461, 1834, 'Stuvland'),
(1462, 1421, 'Styvi'),
(1463, 1443, 'Stårheim'),
(1464, 1868, 'Stø'),
(1465, 1648, 'Støren'),
(1466, 1837, 'Støtt'),
(1467, 1620, 'Sula'),
(1468, 1134, 'Suldalsosen'),
(1469, 1841, 'Sulitjelma'),
(1470, 1859, 'Sund i Lofoten'),
(1471, 714, 'Sundbyfoss'),
(1472, 1224, 'Sunde i Sunnhordland'),
(1473, 911, 'Sundebru'),
(1474, 1613, 'Sundlandet'),
(1475, 1822, 'Sundøy'),
(1476, 1563, 'Sunndalsøra'),
(1477, 2011, 'Suolovuopmi'),
(1478, 1566, 'Surna'),
(1479, 1566, 'Surnadal'),
(1480, 2030, 'Svanvik'),
(1481, 1401, 'Svanøybukt'),
(1482, 728, 'Svarstad'),
(1483, 1833, 'Svartisdal'),
(1484, 1837, 'Svartisen gård'),
(1485, 217, 'Svartskog'),
(1486, 522, 'Svatsum'),
(1487, 2111, 'Sveagruva'),
(1488, 1216, 'Sveio'),
(1489, 1438, 'Svelgen'),
(1490, 711, 'Svelvik'),
(1491, 631, 'Svene'),
(1492, 1938, 'Svensby'),
(1493, 522, 'Svingvoll'),
(1494, 426, 'Svinndal'),
(1495, 1865, 'Svolvær'),
(1496, 1638, 'Svorkmo'),
(1497, 1401, 'Svortevik'),
(1498, 1528, 'Sykkylven'),
(1499, 626, 'Sylling'),
(1500, 1511, 'Sylte'),
(1501, 1511, 'Syvde'),
(1502, 1520, 'Sæbø'),
(1503, 1224, 'Sæbøvik'),
(1504, 1260, 'Sæbøvågen'),
(1505, 1633, 'Sætervik'),
(1506, 628, 'Sætre'),
(1507, 1241, 'Sævareid'),
(1508, 1149, 'Sævelandsvik'),
(1509, 1243, 'Søfteland'),
(1510, 1018, 'Søgne'),
(1511, 1812, 'Sømna'),
(1512, 434, 'Sømådalen'),
(1513, 901, 'Søndeled'),
(1514, 1029, 'Sør-Audnedal'),
(1515, 519, 'Sør-Fron'),
(1516, 1130, 'Sør-Hidle'),
(1517, 1401, 'Sør-Skorpa'),
(1518, 2014, 'Sør-Tverrfjord'),
(1519, 1838, 'Sørarnøy'),
(1520, 1141, 'Sørbokn'),
(1521, 1620, 'Sørburøy'),
(1522, 1413, 'Sørbøvåg'),
(1523, 428, 'Søre Osen'),
(1524, 1201, 'Søreidgrend'),
(1525, 1836, 'Sørfjorden'),
(1526, 1942, 'Sørkjosen'),
(1527, 1738, 'Sørli'),
(1528, 1925, 'Sørreisa'),
(1529, 427, 'Sørskogbygda'),
(1530, 1943, 'Sørstraumen'),
(1531, 226, 'Sørum'),
(1532, 226, 'Sørumsand'),
(1533, 1901, 'Sørvik'),
(1534, 1874, 'Sørvågen'),
(1535, 2015, 'Sørvær'),
(1536, 1534, 'Søvik'),
(1537, 1524, 'Tafjord'),
(1538, 1141, 'Talgje'),
(1539, 2012, 'Talvik'),
(1540, 2025, 'Tana'),
(1541, 1124, 'Tananger'),
(1542, 1662, 'Tanem'),
(1543, 417, 'Tangen'),
(1544, 1401, 'Tansøy'),
(1545, 1627, 'Tarva'),
(1546, 1130, 'Tau'),
(1547, 1866, 'Tengelfjord'),
(1548, 1920, 'Tennevoll'),
(1549, 1534, 'Tennfjord'),
(1550, 1811, 'Terråk'),
(1551, 1201, 'Tertnes'),
(1552, 515, 'Tessanden'),
(1553, 1601, 'Tiller'),
(1554, 1034, 'Tingvatn'),
(1555, 1560, 'Tingvoll'),
(1556, 826, 'Tinn Austbygd'),
(1557, 542, 'Tisleidalen'),
(1558, 101, 'Tistedal'),
(1559, 1620, 'Titran'),
(1560, 1259, 'Tjeldstø'),
(1561, 1124, 'Tjelta'),
(1562, 709, 'Tjodalyng'),
(1563, 1836, 'Tjongsfjorden'),
(1564, 723, 'Tjøme'),
(1565, 1046, 'Tjørhom'),
(1566, 1818, 'Tjørvåg'),
(1567, 1820, 'Tjøtta'),
(1568, 420, 'Tobøl'),
(1569, 1566, 'Todalen'),
(1570, 628, 'Tofte'),
(1571, 436, 'Tolga'),
(1572, 1839, 'Tollå'),
(1573, 704, 'Tolvsrød'),
(1574, 1902, 'Tomasjord'),
(1575, 1535, 'Tomrefjord'),
(1576, 138, 'Tomter'),
(1577, 1834, 'Tonnes'),
(1578, 1046, 'Tonstad'),
(1579, 1244, 'Torangsvåg'),
(1580, 1560, 'Torjulvågen'),
(1581, 1548, 'Tornes i Romsdal'),
(1582, 106, 'Torp'),
(1583, 619, 'Torpo'),
(1584, 1928, 'Torsken'),
(1585, 1149, 'Torvastad'),
(1586, 1557, 'Torvikbukt'),
(1587, 722, 'Torød'),
(1588, 1913, 'Tovik'),
(1589, 626, 'Tranby'),
(1590, 1520, 'Trandal'),
(1591, 235, 'Trandum'),
(1592, 1849, 'Tranøy'),
(1593, 1201, 'Trengereid'),
(1594, 1535, 'Tresfjord'),
(1595, 521, 'Tretten'),
(1596, 830, 'Treungen'),
(1597, 1820, 'Tro'),
(1598, 1825, 'Trofors'),
(1599, 217, 'Trollåsen'),
(1600, 1902, 'Tromsdalen'),
(1601, 1902, 'Tromsø'),
(1602, 1902, 'Tromvik'),
(1603, 1601, 'Trondheim'),
(1604, 1740, 'Trones'),
(1605, 428, 'Trysil'),
(1606, 1835, 'Træna'),
(1607, 122, 'Trøgstad'),
(1608, 827, 'Tuddal'),
(1609, 2018, 'Tufjord'),
(1610, 1243, 'Tufsingdalen'),
(1611, 1868, 'Tunstad'),
(1612, 1246, 'Turøy'),
(1613, 1902, 'Tussøy'),
(1614, 1576, 'Tustna'),
(1615, 914, 'Tvedestrand'),
(1616, 1001, 'Tveit'),
(1617, 1804, 'Tverlandet'),
(1618, 1665, 'Tydal'),
(1619, 545, 'Tyinkrysset'),
(1620, 437, 'Tylldalen'),
(1621, 437, 'Tynset'),
(1622, 605, 'Tyristrand'),
(1623, 1223, 'Tysnes'),
(1624, 1242, 'Tysse'),
(1625, 1253, 'Tyssebotnen'),
(1626, 1228, 'Tyssedal'),
(1627, 1146, 'Tysværvåg'),
(1628, 217, 'Tårnåsen'),
(1629, 1853, 'Tårstad'),
(1630, 1245, 'Tælavåg'),
(1631, 704, 'Tønsberg'),
(1632, 428, 'Tørberget'),
(1633, 817, 'Tørdal'),
(1634, 1238, 'Tørvikbygd'),
(1635, 1112, 'Ualand'),
(1636, 1223, 'Uggdal'),
(1637, 819, 'Ulefoss'),
(1638, 542, 'Ulnes'),
(1639, 1201, 'Ulset'),
(1640, 1516, 'Ulsteinvik'),
(1641, 1233, 'Ulvik'),
(1642, 1849, 'Ulvsvåg'),
(1643, 1941, 'Uløybukt'),
(1644, 1121, 'Undheim'),
(1645, 1421, 'Undredal'),
(1646, 1219, 'Urangsvåg'),
(1647, 1224, 'Uskedalen'),
(1648, 620, 'Ustaoset'),
(1649, 1621, 'Uthaug'),
(1650, 1231, 'Utne'),
(1651, 1151, 'Utsira'),
(1652, 1833, 'Utskarpen'),
(1653, 1449, 'Utvik'),
(1654, 1224, 'Utåker'),
(1655, 633, 'Uvdal'),
(1656, 1416, 'Vadheim'),
(1657, 2003, 'Vadsø'),
(1658, 1251, 'Vaksdal'),
(1659, 1943, 'Valanhamn'),
(1660, 1532, 'Valderøya'),
(1661, 1224, 'Valen'),
(1662, 1253, 'Valestrandsfossen'),
(1663, 1216, 'Valevåg'),
(1664, 1233, 'Vallavik'),
(1665, 1524, 'Valldal'),
(1666, 940, 'Valle'),
(1667, 1627, 'Vallersund'),
(1668, 417, 'Vallset'),
(1669, 1841, 'Valnesfjord'),
(1670, 1571, 'Valsøybotn'),
(1671, 1571, 'Valsøyfjord'),
(1672, 1827, 'Vandve'),
(1673, 545, 'Vang i Valdres'),
(1674, 403, 'Vang på Hedmark'),
(1675, 1417, 'Vangsnes'),
(1676, 1927, 'Vangsvik'),
(1677, 1936, 'Vannareid'),
(1678, 1936, 'Vannvåg'),
(1679, 1003, 'Vanse'),
(1680, 1134, 'Vanvik'),
(1681, 1718, 'Vanvikan'),
(1682, 1224, 'Varaldsøy'),
(1683, 2027, 'Varangerbotn'),
(1684, 2002, 'Vardø'),
(1685, 1119, 'Varhaug'),
(1686, 1520, 'Vartdal'),
(1687, 105, 'Varteig'),
(1688, 1431, 'Vassenden'),
(1689, 1103, 'Vassøy'),
(1690, 1534, 'Vatne'),
(1691, 935, 'Vatnestrøm'),
(1692, 720, 'Vear'),
(1693, 1539, 'Veblungsnes'),
(1694, 1149, 'Vedavågen'),
(1695, 1815, 'Vega'),
(1696, 632, 'Veggli'),
(1697, 912, 'Vegårshei'),
(1698, 2022, 'Veidnesklubben'),
(1699, 722, 'Veierland'),
(1700, 1426, 'Veitastrond'),
(1701, 520, 'Venabygd'),
(1702, 1902, 'Vengsøy'),
(1703, 1014, 'Vennesla'),
(1704, 1721, 'Verdal'),
(1705, 723, 'Verdens Ende'),
(1706, 1539, 'Verma'),
(1707, 1724, 'Verrabotn'),
(1708, 211, 'Vestby'),
(1709, 1851, 'Vestbygd'),
(1710, 111, 'Vesterøy'),
(1711, 624, 'Vestfossen'),
(1712, 420, 'Vestmarka'),
(1713, 1535, 'Vestnes'),
(1714, 522, 'Vestre Gausdal'),
(1715, 2003, 'Vestre Jakobselv'),
(1716, 914, 'Vestre Sandøya'),
(1717, 1244, 'Vestre Vinnesvåg'),
(1718, 1142, 'Vestre Åmøy'),
(1719, 722, 'Vestskogen'),
(1720, 220, 'Vettre'),
(1721, 1551, 'Vevang'),
(1722, 1816, 'Vevelstad'),
(1723, 1657, 'Viggja'),
(1724, 1532, 'Vigra'),
(1725, 1119, 'Vigrestad'),
(1726, 1576, 'Vihals'),
(1727, 1417, 'Vik i Sogn'),
(1728, 1263, 'Vikanes'),
(1729, 1535, 'Vikebukt'),
(1730, 1160, 'Vikebygd'),
(1731, 1160, 'Vikedal'),
(1732, 623, 'Vikersund'),
(1733, 1114, 'Vikeså'),
(1734, 1663, 'Vikhammer'),
(1735, 1828, 'Vikholmen'),
(1736, 1902, 'Vikran'),
(1737, 1430, 'Viksdalen'),
(1738, 1566, 'Vindøla'),
(1739, 436, 'Vingelen'),
(1740, 501, 'Vingrom'),
(1741, 834, 'Vinje'),
(1742, 834, 'Vinjesvingen'),
(1743, 1612, 'Vinjeøra'),
(1744, 516, 'Vinstra'),
(1745, 214, 'Vinterbro'),
(1746, 1543, 'Vistdal'),
(1747, 1816, 'Visthus'),
(1748, 1634, 'Vognill'),
(1749, 1519, 'Volda'),
(1750, 1120, 'Voll'),
(1751, 220, 'Vollen'),
(1752, 1149, 'Vormedal'),
(1753, 616, 'Vormsund'),
(1754, 1235, 'Voss'),
(1755, 1235, 'Vossestrand'),
(1756, 829, 'Vrådal'),
(1757, 829, 'Vråliosen'),
(1758, 1721, 'Vuku'),
(1759, 1848, 'Våg'),
(1760, 1836, 'Vågaholmen'),
(1761, 1571, 'Vågland'),
(1762, 1263, 'Vågseidet'),
(1763, 1539, 'Vågstranda'),
(1764, 515, 'Vågå'),
(1765, 716, 'Våle'),
(1766, 426, 'Våler i Solør'),
(1767, 426, 'Våler i Østfold'),
(1768, 1428, 'Værlandet'),
(1769, 1857, 'Værøy'),
(1770, 1232, 'Vøringsfoss'),
(1771, 219, 'Vøyenenga'),
(1772, 1815, 'Ylvingen'),
(1773, 1201, 'Ytre Arna'),
(1774, 1839, 'Ytre Beiarn'),
(1775, 229, 'Ytre Enebakk'),
(1776, 1412, 'Ytrøygrend'),
(1777, 1633, 'Yttervåg'),
(1778, 1719, 'Ytterøy'),
(1779, 105, 'Yven'),
(1780, 420, 'Åbogen'),
(1781, 415, 'Ådalsbruk'),
(1782, 1539, 'Åfarnes'),
(1783, 1630, 'Åfjord'),
(1784, 1246, 'Ågotnes'),
(1785, 1837, 'Ågskardet'),
(1786, 1511, 'Åheim'),
(1787, 1224, 'Åkra'),
(1788, 1149, 'Åkrehamn'),
(1789, 619, 'Ål'),
(1790, 1644, 'Ålen'),
(1791, 1504, 'Ålesund'),
(1792, 1438, 'Ålfoten'),
(1793, 1122, 'Ålgård'),
(1794, 1238, 'Ålvik'),
(1795, 1563, 'Ålvundeid'),
(1796, 1563, 'Ålvundfjord'),
(1797, 833, 'Åmdals Verk'),
(1798, 929, 'Åmli'),
(1799, 623, 'Åmot'),
(1800, 1004, 'Åna-Sira'),
(1801, 1539, 'Åndalsnes'),
(1802, 1411, 'Ånneland'),
(1803, 1917, 'Ånstad'),
(1804, 1511, 'Åram'),
(1805, 1223, 'Årbakka'),
(1806, 1133, 'Årdal i Ryfylke'),
(1807, 1424, 'Årdalstangen'),
(1808, 1242, 'Årland'),
(1809, 616, 'Årnes'),
(1810, 627, 'Åros'),
(1811, 1941, 'Årviksand'),
(1812, 214, 'Ås'),
(1813, 1719, 'Åsen'),
(1814, 1719, 'Åsenfjord'),
(1815, 1026, 'Åseral'),
(1816, 238, 'Åsgreina'),
(1817, 701, 'Åsgårdstrand'),
(1818, 412, 'Åsmarka'),
(1819, 425, 'Åsnes Finnskog'),
(1820, 417, 'Åsvang'),
(1821, 1224, 'Ænes'),
(1822, 1563, 'Øksendal'),
(1823, 2014, 'Øksfjord'),
(1824, 1160, 'Ølen'),
(1825, 1160, 'Ølensvåg'),
(1826, 1224, 'Ølve'),
(1827, 1836, 'Øresvik'),
(1828, 119, 'Ørje'),
(1829, 1837, 'Ørnes'),
(1830, 1523, 'Ørskog'),
(1831, 1520, 'Ørsta'),
(1832, 428, 'Østby'),
(1833, 219, 'Østerås'),
(1834, 522, 'Østre Gausdal'),
(1835, 1924, 'Øverbygd'),
(1836, 436, 'Øversjødalen'),
(1837, 1232, 'Øvre Eidfjord'),
(1838, 1201, 'Øvre Ervik'),
(1839, 502, 'Øvre Snertingdal'),
(1840, 1566, 'Øvre Surnadal'),
(1841, 1160, 'Øvre Vats'),
(1842, 1424, 'Øvre Årdal'),
(1843, 1014, 'Øvrebø'),
(1844, 1560, 'Øydegard'),
(1845, 545, 'Øye'),
(1846, 521, 'Øyer'),
(1847, 1037, 'Øyestranda'),
(1848, 1021, 'Øyslebø'),
(1849, 1238, 'Øystese');

-- --------------------------------------------------------

--
-- Tabellstruktur for tabell `problems`
--

CREATE TABLE IF NOT EXISTS `problems` (
  `case_id` int(11) NOT NULL auto_increment,
  `category_id` int(2) NOT NULL,
  `status_id` int(1) NOT NULL default '1',
  `lat` decimal(10,6) NOT NULL default '0.000000',
  `lon` decimal(10,6) NOT NULL default '0.000000',
  `timestamp` int(11) NOT NULL,
  `address` varchar(120) NOT NULL,
  `description` text NOT NULL,
  `name` varchar(250) NOT NULL,
  `email` varchar(120) NOT NULL,
  `ip` int(11) NOT NULL,
  `picture` char(32) default NULL,
  PRIMARY KEY  (`case_id`)
) ENGINE=MyISAM  DEFAULT CHARSET=utf8 AUTO_INCREMENT=7 ;

--
-- Dataark for tabell `problems`
--

INSERT INTO `problems` (`case_id`, `category_id`, `status_id`, `lat`, `lon`, `timestamp`, `address`, `description`, `name`, `email`, `ip`, `picture`) VALUES
(1, 2, 1, '59.716902', '5.346951', 1276629478, 'Eikeland', 'Skulle gjerne hatt denne vegen asfaltert.', 'David Steinsland', 'david_steinsland@hotmail.com', 2130706433, NULL),
(2, 8, 1, '59.748440', '5.317383', 1276629531, 'Håvik, ytre', 'det er helt sykt med avgasser her altså.', 'David Steinsland', 'david_steinsland@hotmail.com', 2130706433, NULL),
(3, 8, 1, '59.748440', '5.317383', 1276629566, 'Håvik, ytre', 'det er helt sykt med avgasser her altså.', 'David Steinsland', 'david_steinsland@hotmail.com', 2130706433, NULL),
(4, 8, 1, '59.748440', '5.317383', 1276629664, 'Håvik, ytre', 'det er helt sykt med avgasser her altså.', 'David Steinsland', 'david_steinsland@hotmail.com', 2130706433, NULL),
(5, 2, 1, '59.716945', '5.341415', 1276630009, 'Eikeland', 'adad', 'David Steinslandd', 'david_steinsland@hotmail.com', 2130706433, '215b606f6ded3fa4fad4c2bcd06af0f3'),
(6, 1, 1, '59.791826', '5.169754', 1276634128, 'bremnes', 'hhhh', 'David Steinsland', 'david_steinsland@hotmail.com', 1335994885, NULL);

-- --------------------------------------------------------

--
-- Tabellstruktur for tabell `statuses`
--

CREATE TABLE IF NOT EXISTS `statuses` (
  `status_id` int(2) unsigned NOT NULL auto_increment,
  `name` varchar(60) NOT NULL,
  `type` varchar(20) NOT NULL,
  PRIMARY KEY  (`status_id`)
) ENGINE=MyISAM  DEFAULT CHARSET=utf8 AUTO_INCREMENT=4 ;

--
-- Dataark for tabell `statuses`
--

INSERT INTO `statuses` (`status_id`, `name`, `type`) VALUES
(1, 'Venter på behandling', 'pending'),
(2, 'Under behandling', 'open'),
(3, 'Ferdig behandlet', 'close');
